Gender_Female,Gender_Male,Married_No,Married_Yes,Dependents_0,Dependents_1,Dependents_2,Dependents_3+,Self_Employed_No,Self_Employed_Yes,Education_Graduate,Education_Not Graduate,Property_Area_Rural,Property_Area_Semiurban,Property_Area_Urban,Credit_History,ApplicantIncome,LoanAmount,Loan_Amount_Term,CoapplicantIncome,Loan_Status
0,1,1,0,1,0,0,0,1,0,1,0,0,0,1,1,0.07299082285068836,-0.11775549033263544,0.2791789776634758,-0.5544867436156191,Y
0,1,0,1,0,1,0,0,1,0,1,0,1,0,0,1,-0.13441195378345122,-0.2129678308287514,0.2791789776634758,-0.03873103083355891,N
0,1,0,1,1,0,0,0,0,1,1,0,0,0,1,1,-0.3937473372051281,-0.9508634696736501,0.2791789776634758,-0.5544867436156191,Y
0,1,0,1,1,0,0,0,1,0,0,1,0,0,1,1,-0.4620624697931504,-0.30818017132486736,0.2791789776634758,0.25198008048258913,Y
0,1,1,0,1,0,0,0,1,0,1,0,0,0,1,1,0.09772843680942066,-0.05824777752256296,0.2791789776634758,-0.5544867436156191,Y
0,1,0,1,0,0,1,0,0,1,1,0,0,0,1,1,0.0022183113925933404,1.4413465852912635,0.2791789776634758,0.8806001070697421,Y
0,1,0,1,1,0,0,0,1,0,0,1,0,0,1,1,-0.5030187842943628,-0.6057187353752298,0.2791789776634758,-0.03599492625646575,Y
0,1,0,1,0,0,0,1,1,0,1,0,0,1,0,0,-0.38784962791695354,0.14407844603168346,0.2791789776634758,0.30191398901453925,N
0,1,0,1,0,0,1,0,1,0,1,0,0,0,1,1,-0.22893912765224944,0.2630938716518284,0.2791789776634758,-0.0325747955350993,Y
0,1,0,1,0,1,0,0,1,0,1,0,0,1,0,1,1.2184570268205968,2.417273075376452,0.2791789776634758,3.1967126315791003,N
0,1,0,1,0,0,1,0,1,0,1,0,0,0,1,1,-0.3609822856041582,-0.9032572994255922,0.2791789776634758,-0.31507759311996786,Y
0,1,0,1,0,0,1,0,1,0,1,0,0,0,1,1,-0.4756599662075529,-0.43909713950702683,0.2791789776634758,0.07481730911580714,Y
0,1,0,1,0,0,1,0,1,0,1,0,0,0,1,1,-0.38178809337077413,0.6439432336362922,0.2791789776634758,2.217871219124023,Y
0,1,1,0,1,0,0,0,1,0,1,0,1,0,0,1,-0.5816549081366906,-0.37958942669695434,0.2791789776634758,0.41683038125245186,N
0,1,0,1,0,0,1,0,1,0,1,0,0,0,1,1,-0.6724141010713773,-1.5340390552123604,-3.4472534633229217,-0.18306054727522297,Y
0,1,1,0,1,0,0,0,1,0,1,0,0,0,1,1,-0.07428808409567142,-0.2486724585147949,0.2791789776634758,-0.5544867436156191,Y
0,1,1,0,0,1,0,0,1,0,0,1,0,0,1,0,-0.29610748343423776,-0.5462110225651573,-1.5840372428297231,-0.5544867436156191,Y
1,0,1,0,1,0,0,0,1,0,1,0,0,0,1,0,-0.31019645562265485,-0.8318480440535052,0.2791789776634758,-0.5544867436156191,N
0,1,0,1,1,0,0,0,1,0,0,1,1,0,0,1,-0.08460907534997694,-0.15346011801867893,0.2791789776634758,-0.5544867436156191,N
0,1,0,1,1,0,0,0,1,0,1,0,0,0,1,1,-0.45927744040706797,-0.36768788413493986,-0.49716111420869036,0.6425590088626374,Y
0,1,0,1,1,0,0,0,1,0,0,1,0,0,1,0,0.369678365097471,-0.4986048523170993,0.2791789776634758,-0.5544867436156191,N
0,1,0,1,0,1,0,0,1,0,1,0,0,0,1,1,0.09035630019920242,2.0126206282679595,0.2791789776634758,1.3693367871530076,Y
0,1,0,1,1,0,0,0,1,0,0,1,0,1,0,0,-0.45927744040706797,-0.3557863415729254,0.2791789776634758,0.09910023723750892,N
0,1,0,1,0,0,1,0,1,0,0,1,1,0,0,0,-0.33395111803335803,-0.40339251182098335,0.2791789776634758,0.10115231567032879,N
0,1,0,1,0,1,0,0,1,0,1,0,0,1,0,0,-0.27628462721565095,0.060767648097582,0.2791789776634758,0.4459014923840667,N
0,1,0,1,1,0,0,0,0,1,1,0,0,1,0,1,0.6809463553066852,0.5368293505781618,0.2791789776634758,-0.5544867436156191,Y
0,1,0,1,1,0,0,0,1,0,1,0,0,1,0,1,-0.4266762140641029,-0.2843770862008384,0.2791789776634758,0.21606870790824143,Y
0,1,0,1,0,0,1,0,1,0,0,1,0,0,1,1,-0.19289757089118253,-0.4271955969450123,0.2791789776634758,-0.19879314859350863,Y
0,1,1,0,1,0,0,0,1,0,0,1,0,0,1,1,-0.6489870891766838,-1.3198112890960996,0.2791789776634758,-0.5544867436156191,N
1,0,1,0,0,0,1,0,1,0,1,0,0,1,0,1,-0.2708783937014909,-0.30818017132486736,0.2791789776634758,0.1579264856450118,Y
0,1,0,1,0,1,0,0,1,0,1,0,0,0,1,0,-0.2027270863714735,0.6558447761983068,0.2791789776634758,0.597755296412737,N
0,1,1,0,1,0,0,0,1,0,1,0,0,0,1,1,-0.36638851911831827,-0.8556511291775342,0.2791789776634758,-0.5544867436156191,N
0,1,1,0,0,1,0,0,0,1,1,0,1,0,0,1,-0.11655500066092261,-0.4748017671930703,0.2791789776634758,-0.5544867436156191,N
0,1,0,1,1,0,0,0,1,0,1,0,0,1,0,1,-0.3118347082027033,-0.37958942669695434,0.2791789776634758,0.015649047636167604,Y
0,1,1,0,0,0,0,1,1,0,1,0,1,0,0,1,1.162592613840943,2.072128341078032,0.2791789776634758,0.471552472794315,N
0,1,0,1,1,0,0,0,1,0,1,0,0,0,1,1,-0.512520649258644,-0.11775549033263544,0.2791789776634758,0.1524542764908255,Y
0,1,0,1,1,0,0,0,1,0,1,0,0,0,1,0,-0.5857505395868119,-0.5462110225651573,0.2791789776634758,-0.09960935767388167,N
1,0,0,1,1,0,0,0,1,0,1,0,0,1,0,1,-0.28447589011589347,-0.02254314983651947,0.2791789776634758,-0.0554896713682545,Y
0,1,1,0,1,0,0,0,1,0,1,0,0,0,1,1,-0.2027270863714735,0.4535185526440604,0.2791789776634758,1.9114275064895896,Y
0,1,1,0,1,0,0,0,1,0,0,1,0,1,0,1,-0.2712060442175006,-0.4271955969450123,0.2791789776634758,0.01599106070830425,Y
0,1,1,0,1,0,0,0,1,0,1,0,0,0,1,1,-0.2954521824022184,-0.7842418738054472,0.2791789776634758,-0.5544867436156191,N
0,1,1,0,1,0,0,0,1,0,1,0,0,0,1,1,-0.5903376468109477,-1.1769927783519256,0.2791789776634758,-0.1396248871138691,Y
0,1,0,1,1,0,0,0,1,0,1,0,0,0,1,0,-0.4920424920080379,-0.8437495866155197,0.2791789776634758,-0.5544867436156191,Y
0,1,0,1,1,0,0,0,1,0,1,0,0,1,0,1,-0.23958776942256466,-0.14155857545666442,0.2791789776634758,0.24445579289558292,Y
0,1,0,1,1,0,0,0,0,1,0,1,0,0,1,1,-0.11606352488690806,-0.5938171928132153,0.5897150144123423,-0.5544867436156191,Y
1,0,1,0,1,0,0,0,1,0,1,0,0,0,1,1,-0.3265789814231398,-0.6890295333093313,0.2791789776634758,-0.5544867436156191,Y
0,1,0,1,0,1,0,0,1,0,1,0,0,0,1,1,0.04022577124971845,-1.2126974060379692,0.2791789776634758,-0.5544867436156191,Y
0,1,0,1,1,0,0,0,1,0,1,0,0,0,1,1,0.06840371562655258,-0.02254314983651947,0.2791789776634758,-0.5544867436156191,Y
1,0,0,1,1,0,0,0,1,0,1,0,0,0,1,0,-0.45190530379684973,-0.30818017132486736,0.2791789776634758,0.6220382245344387,N
1,0,1,0,1,0,0,0,1,0,1,0,0,1,0,1,-0.22992207920027855,-0.02254314983651947,0.2791789776634758,0.2235929954952476,Y
1,0,0,1,1,0,0,0,1,0,0,1,0,1,0,1,-0.5693680137863268,-0.5462110225651573,0.2791789776634758,0.007782746977024777,Y
1,0,1,0,1,0,0,0,1,0,1,0,0,1,0,1,-0.3796583650167111,-0.30818017132486736,0.2791789776634758,-0.5544867436156191,Y
1,0,1,0,1,0,0,0,1,0,1,0,0,1,0,1,-0.19224226985916312,-0.40339251182098335,0.2791789776634758,-0.5544867436156191,N
0,1,0,1,0,0,1,0,1,0,1,0,0,0,1,1,-0.1290057202692912,-0.14155857545666442,0.2791789776634758,-0.5544867436156191,N
1,0,0,1,0,1,0,0,0,1,1,0,0,0,1,0,0.9987673558360934,1.6674758939695389,0.2791789776634758,-0.5544867436156191,N
0,1,0,1,0,0,1,0,1,0,1,0,0,1,0,1,-0.4415843125425442,-0.5819156502512007,0.2791789776634758,-0.15535748843215477,Y
0,1,0,1,1,0,0,0,1,0,1,0,0,1,0,1,-0.5359476611533376,-0.5938171928132153,0.2791789776634758,-0.010343945846217393,Y
0,1,0,1,1,0,0,0,1,0,1,0,1,0,0,1,-0.3337872927753532,-0.12965703289464994,0.2791789776634758,0.19794201508499926,N
0,1,0,1,0,1,0,0,1,0,1,0,0,0,1,1,0.4384849734595078,0.40591238239600236,0.2791789776634758,0.21504266869183147,Y
0,1,0,1,0,0,1,0,1,0,0,1,0,0,1,1,-0.3352617200973968,-0.02254314983651947,0.2791789776634758,0.4233286296230481,Y
0,1,0,1,1,0,0,0,1,0,1,0,0,0,1,1,-0.4756599662075529,-0.30818017132486736,0.2791789776634758,0.7437948782150843,Y
0,1,0,1,0,0,0,1,1,0,1,0,0,0,1,1,-0.38899640472298747,-0.5581125651271718,0.2791789776634758,-0.5544867436156191,Y
0,1,0,1,1,0,0,0,0,1,0,1,1,0,0,0,-0.4578030130850243,0.22738924396578494,-2.5156453530763225,0.6251163421836685,N
0,1,0,1,0,1,0,0,1,0,1,0,1,0,0,0,-0.07510721038569566,-0.23677091595278038,0.2791789776634758,-0.5544867436156191,N
1,0,1,0,1,0,0,0,1,0,1,0,0,1,0,0,-0.2027270863714735,-0.3557863415729254,0.2791789776634758,-0.5544867436156191,N
0,1,0,1,1,0,0,0,1,0,1,0,0,1,0,1,0.052840316116091864,1.334232702233133,0.2791789776634758,1.0170633228522634,N
0,1,1,0,1,0,0,0,1,0,0,1,0,0,1,0,-0.3609822856041582,-0.23677091595278038,-2.5156453530763225,0.21641072098037806,N
0,1,0,1,0,1,0,0,1,0,1,0,0,0,1,1,0.8758984123324562,1.9769160005819157,0.2791789776634758,-0.5544867436156191,Y
0,1,0,1,0,0,0,1,0,1,0,1,0,0,1,1,0.2779362206147552,-0.2486724585147949,-4.378861573569521,-0.5544867436156191,Y
1,0,1,0,1,0,0,0,1,0,1,0,0,1,0,0,-0.18077450179882365,-0.11775549033263544,0.2791789776634758,-0.5544867436156191,N
0,1,0,1,1,0,0,0,1,0,1,0,0,0,1,1,-0.3596716835401194,0.3107000418998864,0.2791789776634758,0.49412533555533356,Y
0,1,0,1,0,0,1,0,0,1,0,1,0,1,0,1,-0.5780507524605839,-0.5819156502512007,0.2791789776634758,0.08678776664058971,Y
0,1,1,0,1,0,0,0,1,0,1,0,0,1,0,1,-0.3118347082027033,-0.7723403312434327,-0.6524291325831236,-0.5544867436156191,Y
0,1,0,1,0,0,0,1,1,0,0,1,0,1,0,0,-0.10623400940661709,-0.6057187353752298,0.12391095928904261,-0.5544867436156191,N
0,1,0,1,0,0,0,1,0,1,1,0,0,1,0,1,-0.02251930256613895,0.48922318033010387,0.2791789776634758,0.052244446354788594,Y
0,1,1,0,1,0,0,0,1,0,1,0,0,0,1,1,-0.2708783937014909,-0.39149096925896887,2.1423951981566747,-0.5544867436156191,N
0,1,1,0,1,0,0,0,1,0,1,0,0,0,1,1,-0.2708783937014909,0.3583062121479444,0.2791789776634758,1.0700753490334434,N
0,1,0,1,0,1,0,0,0,1,1,0,0,0,1,1,-0.7213978532148273,-0.4271955969450123,0.2791789776634758,0.4790767603813212,N
0,1,0,1,0,0,0,1,1,0,1,0,0,1,0,0,-0.36638851911831827,0.40591238239600236,-0.6524291325831236,0.8135655449309598,N
0,1,0,1,0,0,0,1,0,1,0,1,0,1,0,0,-0.3391935262895132,-0.18916474570472241,0.2791789776634758,0.18631357063235332,Y
1,0,1,0,1,0,0,0,1,0,1,0,0,1,0,1,-0.25515116893302536,-0.4152940543829978,0.2791789776634758,-0.5544867436156191,Y
0,1,0,1,0,1,0,0,0,1,1,0,0,1,0,1,-0.49286161829806213,-0.11775549033263544,0.2791789776634758,-0.5544867436156191,Y
1,0,0,1,0,0,1,0,1,0,1,0,0,0,1,1,-0.6594719056889942,0.2511923290898139,0.2791789776634758,0.08883984507340958,N
0,1,0,1,1,0,0,0,1,0,1,0,0,1,0,0,0.09772843680942066,1.4175435001672345,0.2791789776634758,0.21504266869183147,N
0,1,0,1,0,1,0,0,1,0,1,0,0,0,1,1,-0.23188798229633673,-1.141288150665882,-1.5840372428297231,-0.5544867436156191,Y
0,1,1,0,1,0,0,0,1,0,1,0,0,1,0,1,-0.4976125507802028,-0.11775549033263544,0.2791789776634758,0.3111483419622286,Y
0,1,0,1,0,0,1,0,1,0,0,1,0,1,0,0,-0.3391935262895132,-0.5581125651271718,0.2791789776634758,0.1295394006576703,Y
0,1,0,1,1,0,0,0,1,0,1,0,0,1,0,1,-0.4756599662075529,-0.4986048523170993,0.2791789776634758,0.16989694316979437,Y
0,1,1,0,1,0,0,0,1,0,1,0,0,0,1,1,0.5181040488498647,0.7629586592564372,0.2791789776634758,-0.5544867436156191,Y
0,1,0,1,1,0,0,0,1,0,1,0,0,1,0,1,0.047761733117941525,0.3464046695859299,0.2791789776634758,0.8706817279777794,Y
0,1,0,1,1,0,0,0,1,0,1,0,0,1,0,1,-0.4006279980413318,-0.1772632031427079,0.2791789776634758,0.43735116558065057,Y
0,1,0,1,0,0,1,0,1,0,1,0,0,1,0,1,0.13868475131063304,0.5011247228921184,-2.5156453530763225,1.3792551662449701,Y
0,1,0,1,0,0,1,0,1,0,0,1,0,0,1,1,-0.3490230417698042,-0.7723403312434327,0.2791789776634758,0.06797704767307425,Y
0,1,1,0,1,0,0,0,1,0,1,0,0,1,0,1,-0.20813331988563355,-0.2843770862008384,0.2791789776634758,-0.5544867436156191,Y
0,1,1,0,1,0,0,0,1,0,0,1,0,1,0,1,-0.2921756772421214,-1.4388267147162446,-3.4472534633229217,-0.5544867436156191,Y
0,1,1,0,1,0,0,0,1,0,1,0,0,0,1,1,0.22583978856921302,-0.11775549033263544,0.2791789776634758,-0.5544867436156191,N
1,0,0,1,1,0,0,0,1,0,1,0,0,1,0,1,-0.4782811703356305,-0.10585394777062095,0.2791789776634758,0.232827348442937,Y
0,1,0,1,1,0,0,0,1,0,1,0,0,1,0,1,-0.5613405761440893,-1.141288150665882,0.2791789776634758,-0.21349971069538437,Y
0,1,0,1,1,0,0,0,1,0,0,1,0,1,0,1,-0.19912293069536682,-0.36768788413493986,-2.5156453530763225,-0.5544867436156191,Y
0,1,0,1,1,0,0,0,1,0,1,0,0,1,0,1,-0.5970544823891465,-0.1772632031427079,0.2791789776634758,0.6565815448202398,Y
0,1,0,1,0,0,1,0,1,0,0,1,0,0,1,1,-0.18274040489488186,-0.15346011801867893,-2.5156453530763225,0.5615019107662526,Y
0,1,1,0,1,0,0,0,1,0,1,0,0,1,0,1,-0.09181738670219032,0.060767648097582,0.2791789776634758,0.7472150089364507,Y
0,1,0,1,1,0,0,0,1,0,1,0,0,0,1,1,1.35099166054652,-0.11775549033263544,0.2791789776634758,-0.5544867436156191,Y
0,1,0,1,1,0,0,0,1,0,1,0,0,1,0,1,-0.1231080109811166,-0.11775549033263544,0.2791789776634758,0.6709460938499789,Y
0,1,0,1,1,0,0,0,1,0,1,0,0,0,1,1,-0.26006592667317086,0.16788153115571247,0.2791789776634758,-0.29660888722458906,Y
0,1,0,1,0,1,0,0,1,0,1,0,0,0,1,1,-0.38522842378887595,-0.5462110225651573,0.2791789776634758,-0.2022132793148751,Y
0,1,0,1,0,0,1,0,1,0,1,0,0,0,1,1,0.9851698594216909,0.9414817976866547,0.2791789776634758,-0.1693800243897572,Y
0,1,1,0,1,0,0,0,1,0,0,1,1,0,0,1,0.31610750572988516,-0.30818017132486736,0.2791789776634758,-0.5544867436156191,N
0,1,0,1,0,0,1,0,1,0,1,0,0,0,1,0,-0.26268713080124845,0.8343679146285242,0.2791789776634758,0.6767603160763018,N
0,1,0,1,0,0,0,1,1,0,0,1,0,1,0,1,-0.5459410018916334,-0.6176202779372443,2.1423951981566747,-0.29660888722458906,Y
0,1,1,0,1,0,0,0,1,0,1,0,0,0,1,1,-0.014328039665896469,-0.11775549033263544,0.2791789776634758,-0.5544867436156191,Y
1,0,0,1,1,0,0,0,1,0,1,0,0,1,0,1,-0.40537893052347246,-0.08205086264659195,0.2791789776634758,0.243429753679173,Y
0,1,0,1,1,0,0,0,1,0,0,1,1,0,0,0,-0.3000392896263542,0.0726691906595965,0.12391095928904261,0.8525550351545372,N
1,0,1,0,0,1,0,0,0,1,1,0,0,1,0,1,0.33543888617445744,-0.11775549033263544,0.2791789776634758,-0.5544867436156191,Y
0,1,1,0,1,0,0,0,1,0,1,0,0,1,0,1,-0.05790555829518646,-0.33198325644889637,0.2791789776634758,-0.5544867436156191,Y
0,1,0,1,0,1,0,0,1,0,1,0,1,0,0,1,1.5038406262650446,0.46542009520607486,-2.5156453530763225,-0.5544867436156191,Y
1,0,0,1,1,0,0,0,1,0,1,0,0,1,0,1,-0.36638851911831827,0.0964722757836255,0.2791789776634758,0.22632910007234075,Y
0,1,0,1,0,1,0,0,1,0,1,0,0,0,1,0,-0.5225139899969399,-0.7247341609953747,0.2791789776634758,-0.07635246876858982,Y
0,1,0,1,1,0,0,0,1,0,1,0,1,0,0,1,0.02695592535132563,0.3464046695859299,0.2791789776634758,0.17810525690107384,N
1,0,1,0,1,0,0,0,1,0,1,0,0,0,1,1,0.8198701740947977,1.3461342447951476,0.2791789776634758,-0.5544867436156191,Y
0,1,0,1,1,0,0,0,1,0,1,0,1,0,0,1,0.04317462589380574,0.40591238239600236,0.2791789776634758,0.3576621197728123,Y
1,0,1,0,1,0,0,0,1,0,1,0,0,1,0,1,-0.2027270863714735,-1.2126974060379692,0.2791789776634758,-0.5544867436156191,Y
1,0,1,0,1,0,0,0,1,0,1,0,0,1,0,0,-0.5351285348633134,-0.10585394777062095,0.2791789776634758,2.5167906441714507,Y
0,1,0,1,0,0,1,0,1,0,1,0,0,1,0,1,-0.40079182329933666,-0.7723403312434327,0.2791789776634758,-0.5544867436156191,Y
0,1,0,1,1,0,0,0,1,0,0,1,1,0,0,1,-0.18077450179882365,0.5725339782642054,0.2791789776634758,0.13432758366758332,Y
1,0,1,0,1,0,0,0,1,0,1,0,1,0,0,0,-0.2803802586657722,-0.6295218204992588,0.2791789776634758,-0.5544867436156191,Y
0,1,0,1,0,0,0,1,1,0,1,0,1,0,0,1,3.014309505069758,2.667205469178757,0.2791789776634758,-0.5544867436156191,Y
0,1,1,0,1,0,0,0,1,0,1,0,1,0,0,1,-0.25203848903093323,-0.11775549033263544,0.2791789776634758,0.0064146946884781975,Y
0,1,0,1,0,1,0,0,0,1,1,0,0,0,1,0,0.8370718261853068,0.16788153115571247,-2.5156453530763225,0.762263584110463,N
0,1,0,1,1,0,0,0,1,0,1,0,1,0,0,0,0.11083445744980862,0.42971546752003137,0.2791789776634758,0.32414483870342115,N
0,1,1,0,1,0,0,0,0,1,1,0,0,0,1,1,2.4184770417061197,5.999637386542815,2.1423951981566747,-0.5544867436156191,Y
0,1,1,0,1,0,0,0,1,0,1,0,0,0,1,1,-0.5552790415979099,-0.8556511291775342,0.2791789776634758,0.10525647253596852,Y
0,1,1,0,1,0,0,0,1,0,1,0,0,1,0,1,-0.4399460599624957,-0.9032572994255922,0.2791789776634758,-0.5544867436156191,Y
0,1,0,1,1,0,0,0,0,1,1,0,0,1,0,1,-0.31855154378090217,-1.4388267147162446,-3.4472534633229217,-0.5544867436156191,Y
0,1,1,0,1,0,0,0,1,0,1,0,0,1,0,1,-0.08329847328593815,-0.5224079374411283,0.2791789776634758,-0.5544867436156191,Y
0,1,0,1,0,0,0,1,1,0,1,0,0,1,0,1,-0.22992207920027855,1.715082064217597,0.2791789776634758,2.0961145654433775,N
1,0,0,1,1,0,0,0,1,0,1,0,1,0,0,1,-0.13441195378345122,-0.7366357035573892,0.2791789776634758,-0.5544867436156191,N
0,1,0,1,0,0,1,0,0,1,1,0,0,0,1,1,-0.34197855567559565,-0.6890295333093313,0.2791789776634758,0.6425590088626374,Y
0,1,1,0,1,0,0,0,1,0,1,0,0,1,0,0,1.571991933595062,1.1438080212409012,0.2791789776634758,-0.5544867436156191,N
0,1,0,1,0,0,1,0,1,0,0,1,1,0,0,1,-0.19715702759930862,-0.20106628826673692,0.2791789776634758,-0.06540805046021719,N
0,1,0,1,0,0,1,0,1,0,1,0,1,0,0,1,-0.05921616035922526,0.46542009520607486,0.2791789776634758,0.1579264856450118,N
0,1,1,0,1,0,0,0,1,0,1,0,0,0,1,1,0.0022183113925933404,0.2630938716518284,0.2791789776634758,-0.5544867436156191,Y
0,1,1,0,1,0,0,0,0,1,1,0,0,1,0,1,0.25336243191402774,0.3464046695859299,-2.5156453530763225,-0.5544867436156191,Y
0,1,0,1,1,0,0,0,1,0,1,0,0,1,0,1,-0.4432225651225927,-0.2843770862008384,0.2791789776634758,0.14116784511031621,Y
0,1,0,1,0,0,1,0,1,0,1,0,0,0,1,1,1.0408704471433399,0.48922318033010387,-2.5156453530763225,-0.5544867436156191,Y
1,0,0,1,1,0,0,0,1,0,1,0,0,1,0,1,-0.5035102600683774,-0.5462110225651573,0.2791789776634758,0.979783897989369,Y
1,0,0,1,0,0,1,0,1,0,1,0,0,0,1,1,1.550203174280417,-0.9032572994255922,0.2791789776634758,-0.5544867436156191,Y
0,1,0,1,0,1,0,0,1,0,1,0,0,0,1,1,-0.6332598644082182,-1.379319001906172,0.2791789776634758,-0.06711811582090042,Y
1,0,1,0,1,0,0,0,1,0,1,0,1,0,0,1,0.753029468828819,0.9414817976866547,0.2791789776634758,0.015307034564030961,N
0,1,0,1,1,0,0,0,1,0,1,0,0,1,0,1,-0.08903235731610788,-0.2486724585147949,0.2791789776634758,-0.270615893742204,Y
0,1,1,0,1,0,0,0,1,0,1,0,1,0,0,0,0.143108033276764,-0.33198325644889637,0.2791789776634758,-0.5544867436156191,N
0,1,0,1,1,0,0,0,0,1,1,0,1,0,0,1,-0.4630454213411795,0.0726691906595965,0.2791789776634758,0.7280622768967986,Y
0,1,1,0,1,0,0,0,1,0,1,0,0,0,1,1,0.6163992036527745,1.1676111063649302,0.2791789776634758,-0.5544867436156191,N
0,1,0,1,0,0,1,0,1,0,0,1,1,0,0,1,-0.511537697710615,-0.39149096925896887,0.2791789776634758,-0.5544867436156191,N
0,1,1,0,1,0,0,0,1,0,1,0,0,0,1,1,-0.35213572167189633,-1.141288150665882,0.2791789776634758,-0.5544867436156191,Y
0,1,0,1,0,0,0,1,1,0,1,0,0,1,0,0,5.667623383716302,5.40456025844209,-2.5156453530763225,-0.5544867436156191,Y
0,1,0,1,0,1,0,0,1,0,1,0,1,0,0,0,0.09772843680942066,0.16788153115571247,0.2791789776634758,-0.5544867436156191,Y
0,1,0,1,0,1,0,0,1,0,1,0,0,0,1,1,0.6773421996305785,0.48922318033010387,0.2791789776634758,-0.5544867436156191,Y
0,1,1,0,1,0,0,0,1,0,1,0,1,0,0,1,-0.39702384236522514,-0.30818017132486736,0.2791789776634758,0.1579264856450118,Y
0,1,0,1,1,0,0,0,1,0,1,0,0,1,0,1,-0.13441195378345122,1.2985280745470895,0.2791789776634758,1.3693367871530076,Y
0,1,0,1,1,0,0,0,1,0,0,1,0,1,0,1,-0.5800166555566422,-0.5700141076891863,0.2791789776634758,-0.198451135521372,Y
0,1,0,1,1,0,0,0,1,0,1,0,0,0,1,1,0.4144026605327949,1.5365589257873795,0.2791789776634758,-0.5544867436156191,N
0,1,0,1,0,1,0,0,1,0,1,0,0,1,0,0,-0.37916688924269654,-0.2962786287628529,0.2791789776634758,-0.1167100112807139,N
0,1,0,1,0,0,1,0,1,0,1,0,1,0,0,1,-0.20256326111346865,0.14407844603168346,0.2791789776634758,-0.05959382823389423,Y
0,1,0,1,1,0,0,0,1,0,1,0,0,0,1,1,0.6421197691595358,-0.8437495866155197,-2.5156453530763225,-0.5544867436156191,Y
0,1,0,1,1,0,0,0,1,0,1,0,1,0,0,1,-0.27792287979569946,0.42971546752003137,-0.49716111420869036,0.5283266427689981,Y
1,0,0,1,1,0,0,0,1,0,1,0,1,0,0,1,-0.13441195378345122,-0.40339251182098335,0.2791789776634758,-0.5544867436156191,N
0,1,0,1,1,0,0,0,1,0,1,0,1,0,0,1,-0.48565330694584874,-0.20106628826673692,0.2791789776634758,0.5854428258158177,Y
0,1,1,0,1,0,0,0,1,0,1,0,0,1,0,0,-0.5187460090628284,-0.9865680973596936,2.1423951981566747,-0.5544867436156191,N
0,1,0,1,0,0,1,0,1,0,1,0,0,1,0,1,0.42537895281911986,0.6439432336362922,0.2791789776634758,-0.5544867436156191,Y
0,1,0,1,1,0,0,0,1,0,0,1,1,0,0,1,-0.5870611416508507,-0.6057187353752298,0.2791789776634758,0.05053438099410537,Y
0,1,0,1,0,0,0,1,1,0,1,0,0,0,1,1,7.594863718885352,6.59471451464354,-0.6524291325831236,-0.5544867436156191,Y
0,1,0,1,0,0,0,1,1,0,0,1,1,0,0,1,-0.30823055252659665,-0.7723403312434327,-2.5156453530763225,-0.5544867436156191,N
0,1,0,1,1,0,0,0,1,0,1,0,0,1,0,1,0.04989146147200457,0.48922318033010387,0.2791789776634758,1.3693367871530076,Y
0,1,0,1,1,0,0,0,0,1,0,1,0,1,0,1,-0.17356619044661029,-0.7009310758713457,0.2791789776634758,-0.30276512252304866,N
0,1,0,1,1,0,0,0,1,0,1,0,1,0,0,1,-0.31232618397671785,-0.3557863415729254,0.2791789776634758,0.11722693006075109,Y
0,1,0,1,0,0,1,0,1,0,1,0,1,0,0,1,-0.5502004585997595,-0.5343094800031428,0.2791789776634758,-0.0007675798263913415,Y
0,1,0,1,0,0,0,1,1,0,1,0,0,1,0,0,0.01843701193507345,4.154898289430569,0.2791789776634758,3.3102609715284665,N
0,1,0,1,0,1,0,0,1,0,1,0,0,1,0,1,-0.2708783937014909,-0.3557863415729254,0.2791789776634758,-0.5544867436156191,Y
0,1,1,0,1,0,0,0,1,0,0,1,0,0,1,0,-0.5030187842943628,-0.5224079374411283,2.1423951981566747,-0.058225775945347655,N
0,1,0,1,0,1,0,0,1,0,1,0,0,0,1,0,0.1632585400113605,0.40591238239600236,0.2791789776634758,1.9251080293750553,N
0,1,1,0,1,0,0,0,1,0,1,0,1,0,0,0,-0.5713339168823851,-0.9389619271116356,0.2791789776634758,1.1771254406122131,N
0,1,0,1,1,0,0,0,1,0,1,0,0,1,0,1,-0.13162692439736878,-0.8675526717395486,-2.5156453530763225,-0.5544867436156191,Y
0,1,0,1,0,1,0,0,1,0,1,0,0,1,0,1,4.659606571212462,1.358035787357162,0.2791789776634758,-0.5544867436156191,N
1,0,0,1,1,0,0,0,1,0,1,0,0,1,0,1,-0.2913565509520971,-0.4509986820690413,0.2791789776634758,-0.5544867436156191,Y
0,1,0,1,1,0,0,0,0,1,1,0,0,1,0,1,5.52804426389617,-0.30818017132486736,0.2791789776634758,1.0700753490334434,Y
0,1,0,1,0,1,0,0,0,1,1,0,1,0,0,0,-0.5284116992851144,-0.9508634696736501,-0.6524291325831236,-0.5544867436156191,N
0,1,0,1,1,0,0,0,1,0,1,0,1,0,0,0,-0.49482752139412034,-1.046075810169766,0.2791789776634758,0.17673720461252726,Y
0,1,0,1,1,0,0,0,0,1,1,0,1,0,0,1,-0.7748048873244083,0.2630938716518284,0.2791789776634758,1.2568144864200512,Y
0,1,0,1,1,0,0,0,1,0,1,0,1,0,0,1,0.6429388954495601,0.5011247228921184,-2.5156453530763225,-0.5544867436156191,Y
0,1,1,0,1,0,0,0,1,0,0,1,1,0,0,1,-0.08493672586598665,-1.165091235789911,0.2791789776634758,-0.5544867436156191,Y
0,1,1,0,1,0,0,0,1,0,1,0,0,1,0,1,1.0806799848385182,0.21548770140377044,0.2791789776634758,-0.5544867436156191,N
0,1,0,1,1,0,0,0,1,0,0,1,0,0,1,1,0.10313467032358069,0.16788153115571247,0.2791789776634758,-0.5544867436156191,N
0,1,1,0,1,0,0,0,1,0,1,0,0,1,0,1,-0.25318526583696715,-0.8318480440535052,0.2791789776634758,-0.5544867436156191,Y
0,1,1,0,1,0,0,0,1,0,1,0,1,0,0,1,-0.19863145492135226,-0.30818017132486736,0.2791789776634758,-0.5544867436156191,Y
0,1,0,1,0,1,0,0,1,0,1,0,0,1,0,1,-0.3732691799545219,0.2868969567758574,0.2791789776634758,0.32893302171333416,N
0,1,1,0,1,0,0,0,1,0,1,0,1,0,0,1,0.47993276373473476,0.48922318033010387,0.2791789776634758,0.7280622768967986,Y
1,0,1,0,1,0,0,0,1,0,0,1,0,0,1,1,-0.5728083442044287,-0.30818017132486736,-0.18662507745982387,0.25437417198754564,Y
1,0,0,1,1,0,0,0,1,0,1,0,0,1,0,0,-0.3255960298751107,-0.39149096925896887,0.2791789776634758,0.4086220675211724,Y
0,1,1,0,1,0,0,0,0,1,1,0,0,0,1,1,0.9168547268336686,-0.7485372461194038,0.2791789776634758,-0.5544867436156191,N
0,1,0,1,0,1,0,0,1,0,0,1,0,1,0,1,-0.45927744040706797,-0.6652264481853023,0.2791789776634758,0.30054593672599267,Y
0,1,1,0,0,0,1,0,1,0,1,0,0,1,0,0,-0.07871136606180236,0.23929078652779945,0.2791789776634758,-0.5544867436156191,Y
0,1,0,1,0,0,0,1,1,0,0,1,0,0,1,1,-0.23123268126431734,-0.39149096925896887,-2.5156453530763225,-0.5544867436156191,N
0,1,0,1,0,1,0,0,1,0,0,1,0,0,1,1,-0.3118347082027033,-0.12965703289464994,0.2791789776634758,-0.18408658649163293,Y
0,1,0,1,0,0,1,0,1,0,0,1,0,1,0,1,-0.24351957561468104,-0.2605740010768094,0.2791789776634758,-0.5544867436156191,Y
1,0,1,0,1,0,0,0,1,0,0,1,0,1,0,1,-0.1630813739342999,-0.30818017132486736,0.2791789776634758,-0.5544867436156191,Y
1,0,1,0,1,0,0,0,1,0,1,0,0,0,1,1,-0.35377397425194484,-0.7842418738054472,0.2791789776634758,-0.5544867436156191,Y
0,1,1,0,1,0,0,0,1,0,0,1,1,0,0,1,-0.23401771065039978,-1.0817804378558096,0.2791789776634758,0.3111483419622286,Y
0,1,1,0,1,0,0,0,1,0,1,0,0,0,1,1,-0.4791002966256548,-1.0341742676077517,0.2791789776634758,-0.5544867436156191,Y
0,1,1,0,1,0,0,0,1,0,1,0,0,1,0,1,-0.325268379359101,-0.2248693733907659,0.2791789776634758,-0.5544867436156191,N
1,0,1,0,1,0,0,0,1,0,1,0,0,1,0,1,0.753029468828819,0.8105648295044953,0.2791789776634758,-0.5544867436156191,N
0,1,0,1,0,0,0,1,1,0,1,0,0,1,0,0,-0.3233024762630428,-0.2129678308287514,0.2791789776634758,-0.12697040344481325,N
0,1,0,1,0,1,0,0,0,1,1,0,0,0,1,1,0.3904841728640869,1.1200049361168722,0.2791789776634758,-0.5544867436156191,Y
0,1,0,1,0,0,0,1,0,1,0,1,1,0,0,1,0.04907233518198032,-0.18916474570472241,0.2791789776634758,-0.5544867436156191,Y
0,1,0,1,1,0,0,0,1,0,1,0,0,0,1,1,-0.36540556757028914,-0.10585394777062095,0.2791789776634758,0.4787347473091846,Y
0,1,0,1,0,0,0,1,1,0,0,1,0,1,0,1,-0.254495867901006,-0.5462110225651573,0.2791789776634758,-0.2182878937052974,Y
0,1,0,1,1,0,0,0,1,0,1,0,1,0,0,1,-0.8606493225189494,-0.12965703289464994,0.2791789776634758,0.061136786230341356,N
0,1,0,1,1,0,0,0,1,0,1,0,0,1,0,1,-0.2746463746356025,-0.1772632031427079,0.2791789776634758,0.05258645942692523,Y
0,1,0,1,0,0,1,0,1,0,1,0,0,1,0,0,-0.06609682119542894,-0.8794542143015631,0.2791789776634758,-0.5544867436156191,N
1,0,0,1,0,0,1,0,1,0,1,0,0,1,0,0,-0.1835595311849061,-0.2248693733907659,0.2791789776634758,0.26053040728600524,Y
0,1,0,1,1,0,0,0,1,0,1,0,0,0,1,0,-0.521367213190906,-1.022272725045737,0.2791789776634758,-0.5544867436156191,N
0,1,0,1,0,0,1,0,1,0,1,0,0,1,0,1,-0.22844765187823488,-0.3557863415729254,0.2791789776634758,0.03274970124299984,Y
0,1,1,0,1,0,0,0,1,0,1,0,0,1,0,1,-0.39849826968726876,-0.02254314983651947,0.2791789776634758,0.4000717407177563,Y
0,1,0,1,1,0,0,0,1,0,1,0,0,1,0,1,0.35624469394107333,0.3464046695859299,-0.49716111420869036,-0.209053540757608,Y
0,1,0,1,1,0,0,0,1,0,1,0,0,1,0,1,0.13868475131063304,-0.2129678308287514,0.2791789776634758,-0.5544867436156191,Y
0,1,0,1,1,0,0,0,1,0,1,0,1,0,0,1,-0.3527910227039157,0.2868969567758574,0.2791789776634758,-0.5544867436156191,N
0,1,0,1,1,0,0,0,0,1,0,1,0,0,1,1,-0.10951051456671408,-0.09395240520860644,0.2791789776634758,-0.5544867436156191,N
0,1,0,1,0,0,1,0,1,0,1,0,0,1,0,1,0.13868475131063304,0.7629586592564372,0.2791789776634758,0.025225413655993657,Y
0,1,0,1,1,0,0,0,1,0,1,0,0,1,0,1,-0.10574253363260254,0.14407844603168346,2.1423951981566747,-0.5544867436156191,Y
0,1,1,0,1,0,0,0,0,1,1,0,1,0,0,1,0.1632585400113605,0.6439432336362922,0.2791789776634758,-0.5544867436156191,Y
0,1,0,1,0,1,0,0,1,0,1,0,0,1,0,1,-0.4771343935295966,-0.4986048523170993,0.2791789776634758,0.1480081065530491,Y
0,1,0,1,1,0,0,0,1,0,1,0,1,0,0,1,-0.2764484524736558,-1.2365004911619981,-2.5156453530763225,-0.5544867436156191,Y
0,1,1,0,1,0,0,0,1,0,0,1,1,0,0,1,-0.36278436344221154,-0.30818017132486736,-0.18662507745982387,0.33406321779538384,Y
1,0,1,0,1,0,0,0,1,0,1,0,0,1,0,1,0.47993276373473476,1.596066638597452,0.2791789776634758,-0.5544867436156191,Y
0,1,0,1,0,1,0,0,1,0,1,0,0,1,0,1,-0.3683544222143764,-0.07014932008457746,0.2791789776634758,0.05395451171547182,Y
0,1,0,1,0,1,0,0,1,0,1,0,1,0,0,1,0.015815807806995857,0.2868969567758574,0.2791789776634758,-0.1235502727234468,Y
0,1,0,1,1,0,0,0,1,0,1,0,0,0,1,0,0.056116821276188854,1.2985280745470895,0.2791789776634758,-0.5544867436156191,N
1,0,1,0,1,0,0,0,0,1,1,0,0,0,1,0,-0.3178962427488828,-0.2843770862008384,0.2791789776634758,-0.5544867436156191,Y
1,0,1,0,0,1,0,0,1,0,1,0,1,0,0,1,-0.26072122770519024,-0.40339251182098335,0.2791789776634758,-0.5544867436156191,Y
0,1,0,1,0,1,0,0,1,0,1,0,0,1,0,1,-0.3421423809336005,-0.5938171928132153,0.2791789776634758,-0.5544867436156191,Y
0,1,0,1,0,0,1,0,1,0,1,0,1,0,0,1,0.06807606511054287,-0.30818017132486736,0.2791789776634758,1.1555786170676046,Y
0,1,0,1,0,1,0,0,1,0,0,1,0,0,1,1,-0.47402171362750445,-0.07014932008457746,-2.5156453530763225,0.12372517843134734,N
0,1,1,0,1,0,0,0,1,0,1,0,0,0,1,1,-0.3994812212352979,0.10837381834563999,-4.378861573569521,1.3953297806353924,Y
0,1,0,1,0,0,1,0,0,1,1,0,1,0,0,1,0.13868475131063304,-0.4509986820690413,0.2791789776634758,-0.109869749837981,Y
0,1,0,1,1,0,0,0,1,0,0,1,0,1,0,1,-0.3272342824551592,-0.27247554363882387,0.2791789776634758,0.9561849960119406,Y
0,1,1,0,1,0,0,0,0,1,1,0,0,0,1,1,0.10591969970966313,-0.30818017132486736,-2.5156453530763225,0.9274558979524624,N
0,1,0,1,0,0,1,0,1,0,1,0,0,0,1,1,0.7043733672013787,-0.40339251182098335,0.2791789776634758,-0.5544867436156191,Y
0,1,0,1,0,1,0,0,1,0,0,1,0,0,1,1,0.1973341936763692,-0.10585394777062095,-2.5156453530763225,-0.5544867436156191,Y
0,1,0,1,0,1,0,0,1,0,1,0,0,1,0,1,-0.4130787176497004,-0.27247554363882387,2.1423951981566747,0.07584334833221708,Y
0,1,0,1,1,0,0,0,1,0,1,0,0,0,1,1,-0.588863219488904,-0.6652264481853023,0.2791789776634758,0.0843936751356332,Y
0,1,0,1,1,0,0,0,1,0,0,1,0,1,0,0,-0.6119625808675878,0.6558447761983068,0.2791789776634758,0.7759441069959289,N
1,0,1,0,0,0,1,0,1,0,1,0,0,0,1,1,-0.32379395203705735,-0.09395240520860644,0.2791789776634758,-0.5544867436156191,N
0,1,1,0,1,0,0,0,0,1,0,1,1,0,0,1,-0.4620624697931504,-0.4986048523170993,0.2791789776634758,0.18665558370448998,Y
0,1,0,1,0,1,0,0,1,0,0,1,0,1,0,1,-0.44928409966877214,1.5841650960354374,-2.5156453530763225,1.8741480816266953,Y
0,1,1,0,1,0,0,0,0,1,1,0,0,0,1,0,1.7769373313591288,0.5487308931401763,0.2791789776634758,-0.5544867436156191,N
1,0,1,0,0,0,0,1,1,0,1,0,1,0,0,1,-0.3801498407907256,1.2985280745470895,0.2791789776634758,-0.5544867436156191,Y
0,1,1,0,1,0,0,0,1,0,0,1,1,0,0,0,0.10510057341963888,-0.36768788413493986,0.2791789776634758,-0.5544867436156191,N
0,1,0,1,0,0,0,1,1,0,1,0,0,0,1,1,-0.025140506694216542,-0.6176202779372443,0.2791789776634758,-0.5544867436156191,N
0,1,0,1,1,0,0,0,1,0,1,0,1,0,0,1,1.5202231520655296,1.8817036600858,0.2791789776634758,0.16374070787133477,N
0,1,0,1,0,0,0,1,1,0,0,1,0,1,0,1,-0.07740076399776356,-0.2129678308287514,0.2791789776634758,-0.5544867436156191,N
0,1,0,1,0,1,0,0,1,0,1,0,0,0,1,0,0.11132593322382317,2.191143766698177,0.2791789776634758,0.899068812965121,Y
0,1,1,0,1,0,0,0,1,0,1,0,0,1,0,1,-0.5477430797296867,-0.14155857545666442,0.2791789776634758,0.20102013273422906,Y
1,0,1,0,0,1,0,0,1,0,1,0,0,1,0,1,-0.31494738810479544,0.10837381834563999,-4.751504817668161,-0.5544867436156191,N
1,0,1,0,1,0,0,0,1,0,1,0,1,0,0,1,0.29431874641524014,-0.30818017132486736,0.2791789776634758,-0.5544867436156191,Y
0,1,1,0,1,0,0,0,0,1,1,0,0,1,0,1,-0.03890182836662391,-0.2129678308287514,0.2791789776634758,-0.5544867436156191,Y
0,1,1,0,1,0,0,0,1,0,1,0,1,0,0,1,-0.2143586796898178,0.060767648097582,0.2791789776634758,0.6244323160393952,Y
0,1,0,1,0,0,1,0,1,0,1,0,0,1,0,1,-0.11393379653284502,0.04886610553556751,0.2791789776634758,-0.08011461256209292,Y
0,1,0,1,0,0,0,1,1,0,1,0,0,0,1,0,-0.17536826828466362,0.16788153115571247,0.2791789776634758,0.06489893002384445,Y
1,0,1,0,1,0,0,0,1,0,1,0,1,0,0,1,-0.325268379359101,-0.12965703289464994,0.2791789776634758,-0.5544867436156191,N
1,0,1,0,0,1,0,0,1,0,1,0,0,0,1,1,-0.41406166919772946,-0.6652264481853023,0.2791789776634758,-0.02094635108245338,Y
1,0,1,0,1,0,0,0,1,0,1,0,0,0,1,1,-0.35492075105797877,-1.379319001906172,0.2791789776634758,-0.5544867436156191,Y
0,1,0,1,1,0,0,0,1,0,1,0,0,0,1,1,0.9407732145023766,-0.11775549033263544,0.2791789776634758,-0.5544867436156191,Y
0,1,1,0,1,0,0,0,1,0,1,0,1,0,0,1,-0.421106155291938,-0.23677091595278038,0.2791789776634758,0.08063153134213011,Y
0,1,0,1,1,0,0,0,1,0,1,0,0,1,0,1,-0.456000935246971,0.04886610553556751,0.2791789776634758,0.20580831574414207,Y
0,1,0,1,0,0,1,0,1,0,1,0,0,1,0,1,-0.24630460500076348,-0.6652264481853023,0.2791789776634758,-0.5544867436156191,Y
0,1,0,1,0,1,0,0,1,0,1,0,0,1,0,1,-0.4347036517063405,-0.36768788413493986,0.2791789776634758,0.07550133526008043,Y
0,1,0,1,1,0,0,0,1,0,1,0,0,1,0,1,-0.23106885600631247,0.7272540315703938,0.2791789776634758,0.5652640545597557,Y
0,1,0,1,1,0,0,0,1,0,1,0,0,0,1,1,-0.37687333563062864,-0.7842418738054472,0.2791789776634758,-0.109869749837981,Y
0,1,0,1,1,0,0,0,1,0,1,0,0,1,0,1,1.5038406262650446,3.452707278271713,0.2791789776634758,-0.5544867436156191,Y
1,0,0,1,1,0,0,0,1,0,0,1,1,0,0,0,-0.21353955339979358,-0.2605740010768094,0.2791789776634758,-0.5544867436156191,Y
0,1,1,0,0,1,0,0,0,1,0,1,0,0,1,0,-0.2212393405260215,0.14407844603168346,0.2791789776634758,0.27523696938788095,N
0,1,0,1,1,0,0,0,1,0,1,0,0,1,0,1,-0.24188132303463256,-0.40339251182098335,0.2791789776634758,-0.28087628590630337,Y
0,1,0,1,0,0,1,0,1,0,1,0,0,0,1,1,-0.5082611925505179,-0.8080449589294761,-2.5156453530763225,-0.2176038675610241,Y
1,0,1,0,1,0,0,0,1,0,1,0,0,0,1,1,-0.5885355689728943,-1.0936819804178242,0.2791789776634758,0.015307034564030961,Y
0,1,0,1,1,0,0,0,1,0,1,0,1,0,0,1,2.5005534959665496,-0.11775549033263544,0.2791789776634758,-0.5544867436156191,N
0,1,1,0,1,0,0,0,1,0,1,0,1,0,0,1,-0.3678629464403619,-0.6771279907473168,0.2791789776634758,0.4896791656175572,Y
1,0,1,0,1,0,0,0,0,1,1,0,0,1,0,1,-0.45927744040706797,-0.5581125651271718,-0.6524291325831236,0.03274970124299984,N
0,1,0,1,1,0,0,0,1,0,1,0,1,0,0,1,-0.278414355569714,-0.30818017132486736,0.2791789776634758,0.1295394006576703,Y
1,0,1,0,1,0,0,0,1,0,1,0,0,1,0,1,-0.2096077472076772,-0.36768788413493986,0.2791789776634758,-0.5544867436156191,Y
0,1,1,0,1,0,0,0,1,0,1,0,1,0,0,1,0.672427441890433,0.48922318033010387,0.2791789776634758,-0.5544867436156191,Y
0,1,0,1,1,0,0,0,1,0,1,0,1,0,0,1,-0.3814604428547644,-0.08205086264659195,0.2791789776634758,0.2718168386665145,Y
0,1,0,1,0,0,1,0,1,0,1,0,0,1,0,0,-0.16439197599833869,-0.2248693733907659,0.2791789776634758,-0.5544867436156191,N
0,1,0,1,0,0,1,0,1,0,1,0,0,0,1,1,-0.3686820727303861,-0.14155857545666442,0.2791789776634758,-0.02094635108245338,Y
1,0,1,0,1,0,0,0,1,0,1,0,0,0,1,0,0.0022183113925933404,-0.03444469239853396,2.1423951981566747,-0.5544867436156191,N
0,1,0,1,1,0,0,0,1,0,1,0,0,1,0,1,-0.49482752139412034,0.3107000418998864,0.2791789776634758,0.5857848388879544,Y
0,1,0,1,0,0,0,1,1,0,1,0,0,0,1,1,-0.1617707718702611,-0.4271955969450123,0.2791789776634758,-0.12697040344481325,Y
0,1,0,1,0,1,0,0,1,0,1,0,0,1,0,1,0.24107553756366404,0.6439432336362922,0.2791789776634758,-0.5544867436156191,Y
1,0,0,1,0,1,0,0,1,0,1,0,0,0,1,1,-0.12081445736904871,-0.12965703289464994,0.2791789776634758,-0.5544867436156191,Y
1,0,1,0,1,0,0,0,1,0,1,0,1,0,0,1,-0.06609682119542894,0.060767648097582,2.1423951981566747,0.3145684726835951,N
0,1,0,1,0,1,0,0,1,0,1,0,0,0,1,1,-0.5552790415979099,-0.39149096925896887,0.2791789776634758,0.4459014923840667,N
0,1,0,1,1,0,0,0,1,0,0,1,0,0,1,0,-0.5903376468109477,-0.6295218204992588,0.2791789776634758,0.4489796100332965,N
0,1,0,1,1,0,0,0,1,0,0,1,0,1,0,1,-0.4142254944557343,-0.4867033097550848,0.2791789776634758,0.04403613262350912,Y
1,0,1,0,1,0,0,0,1,0,1,0,1,0,0,1,-0.06609682119542894,-0.16536166058069343,0.2791789776634758,-0.5544867436156191,Y
0,1,0,1,0,1,0,0,1,0,1,0,0,0,1,1,-0.6190070669617963,-0.5938171928132153,0.2791789776634758,0.06216282544675129,Y
0,1,1,0,1,0,0,0,1,0,1,0,1,0,0,1,-0.22992207920027855,-0.07014932008457746,0.2791789776634758,0.30054593672599267,Y
0,1,1,0,1,0,0,0,1,0,0,1,0,0,1,1,-0.5575725952099777,-0.11775549033263544,0.2791789776634758,-0.5544867436156191,N
1,0,1,0,1,0,0,0,1,0,1,0,1,0,0,1,-0.26891249060543276,-0.12965703289464994,0.2791789776634758,0.015307034564030961,Y
1,0,1,0,1,0,0,0,1,0,1,0,0,0,1,0,-0.4920424920080379,-0.4986048523170993,0.2791789776634758,0.08268360977494997,N
0,1,1,0,1,0,0,0,1,0,1,0,1,0,0,1,2.429453333992445,3.976375151000351,0.2791789776634758,-0.5544867436156191,N
0,1,0,1,0,0,1,0,1,0,0,1,1,0,0,0,0.3708251419035049,0.46542009520607486,0.2791789776634758,-0.5544867436156191,Y
1,0,1,0,1,0,0,0,1,0,1,0,0,1,0,1,-0.40734483361953067,-0.7366357035573892,0.2791789776634758,-0.5544867436156191,Y
0,1,1,0,1,0,0,0,1,0,0,1,0,1,0,1,-0.40570658103948215,-0.4152940543829978,0.2791789776634758,0.2680546948730114,Y
1,0,1,0,1,0,0,0,1,0,1,0,1,0,0,1,-0.474513189401519,-1.0698788952937952,0.2791789776634758,-0.5544867436156191,Y
0,1,0,1,0,0,1,0,0,1,1,0,1,0,0,0,0.056116821276188854,-0.02254314983651947,-4.006218329470881,-0.5544867436156191,Y
0,1,0,1,1,0,0,0,1,0,1,0,1,0,0,1,-0.48008324817368386,0.15597998859369797,0.2791789776634758,0.07584334833221708,N
0,1,0,1,0,1,0,0,1,0,0,1,0,0,1,1,-0.32838105926119315,-0.4152940543829978,-2.5156453530763225,0.0064146946884781975,Y
0,1,0,1,0,0,1,0,1,0,1,0,0,1,0,1,-0.27628462721565095,-0.30818017132486736,0.2791789776634758,-0.5544867436156191,Y
0,1,0,1,1,0,0,0,1,0,1,0,0,0,1,0,-0.5480707302456964,-0.6890295333093313,0.2791789776634758,0.1753691523239807,Y
1,0,1,0,0,1,0,0,1,0,1,0,0,1,0,0,-0.3051178726245045,-0.40339251182098335,0.2791789776634758,-0.5544867436156191,Y
0,1,0,1,0,1,0,0,0,1,1,0,1,0,0,1,0.753029468828819,0.10837381834563999,0.2791789776634758,-0.5544867436156191,N
0,1,0,1,1,0,0,0,1,0,1,0,0,1,0,1,-0.4920424920080379,-0.36768788413493986,0.2791789776634758,0.18665558370448998,Y
0,1,0,1,0,0,0,1,1,0,1,0,0,1,0,1,-0.17389384096261998,-0.2605740010768094,0.2791789776634758,-0.4898462729817933,Y
0,1,0,1,0,0,1,0,1,0,0,1,1,0,0,1,-0.29528835714421353,-0.11775549033263544,0.2791789776634758,-0.01068595891835404,Y
1,0,1,0,1,0,0,0,1,0,1,0,1,0,0,1,-0.3665523443763231,-0.16536166058069343,0.2791789776634758,0.4664222767122654,Y
0,1,0,1,0,0,0,1,1,0,1,0,1,0,0,1,1.5721557588530668,1.8340974898377418,0.2791789776634758,-0.5544867436156191,Y
0,1,0,1,0,1,0,0,0,1,1,0,1,0,0,0,0.5344865746503497,2.7386147245508434,0.2791789776634758,1.1497643948412815,N
0,1,1,0,1,0,0,0,1,0,1,0,1,0,0,0,-0.07969431760983145,-0.18916474570472241,0.2791789776634758,-0.5544867436156191,Y
0,1,0,1,1,0,0,0,0,1,1,0,0,1,0,1,0.06791223985253803,0.4535185526440604,0.2791789776634758,0.18426149219953344,Y
1,0,0,1,1,0,0,0,1,0,1,0,0,0,1,1,-0.17536826828466362,-0.4271955969450123,0.2791789776634758,0.28378729619129706,N
1,0,1,0,1,0,0,0,1,0,1,0,0,0,1,1,-0.4756599662075529,-0.9389619271116356,0.2791789776634758,-0.5544867436156191,Y
0,1,1,0,0,1,0,0,1,0,1,0,0,0,1,1,-0.16701318012641628,-0.34388479901091085,0.2791789776634758,0.05874269472538484,Y
0,1,1,0,1,0,0,0,1,0,1,0,0,1,0,1,-0.4043959789754433,-0.5700141076891863,0.2791789776634758,-0.5544867436156191,Y
0,1,1,0,1,0,0,0,1,0,1,0,0,0,1,1,-0.421106155291938,-0.8913557568635777,0.2791789776634758,-0.5544867436156191,Y
0,1,0,1,1,0,0,0,1,0,1,0,0,0,1,1,9.490977255033481,4.095390576620495,-2.5156453530763225,-0.5544867436156191,Y
0,1,0,1,0,1,0,0,0,1,1,0,0,0,1,1,0.7256706507420091,0.42971546752003137,-2.5156453530763225,0.07242321761085063,Y
0,1,0,1,1,0,0,0,0,1,1,0,0,1,0,1,0.016307283581010405,-0.9032572994255922,-0.18662507745982387,0.9811519502779157,Y
0,1,0,1,0,1,0,0,1,0,1,0,1,0,0,1,-0.025140506694216542,0.16788153115571247,0.2791789776634758,-0.3191817499856076,Y
0,1,0,1,0,0,1,0,0,1,1,0,1,0,0,1,-0.4756599662075529,0.3583062121479444,0.2791789776634758,1.0187733882129466,Y
1,0,1,0,0,0,0,1,1,0,0,1,0,0,1,0,-0.5854228890708022,-0.23677091595278038,0.2791789776634758,-0.5544867436156191,N
1,0,1,0,1,0,0,0,1,0,1,0,0,1,0,1,-0.2037100379195026,-0.8913557568635777,0.2791789776634758,-0.5544867436156191,Y
0,1,0,1,0,0,0,1,1,0,0,1,1,0,0,1,-0.45157765328084004,0.3226015844619009,0.2791789776634758,-0.011711998134763972,N
1,0,1,0,1,0,0,0,1,0,1,0,1,0,0,1,-0.49564664768414457,-1.18889432091394,0.2791789776634758,-0.5544867436156191,N
0,1,0,1,0,1,0,0,1,0,0,1,0,0,1,1,-0.13916288626559187,0.14407844603168346,0.2791789776634758,-0.13415267795968278,Y
0,1,0,1,0,0,0,1,1,0,0,1,0,1,0,1,-0.36540556757028914,-0.8556511291775342,0.2791789776634758,-0.5544867436156191,Y
0,1,0,1,0,0,1,0,1,0,1,0,1,0,0,1,-0.4620624697931504,-0.2486724585147949,0.2791789776634758,0.24240371446276307,Y
0,1,0,1,1,0,0,0,1,0,1,0,0,1,0,1,-0.47582379146555775,0.16788153115571247,0.2791789776634758,0.28618138769625356,Y
0,1,0,1,1,0,0,0,1,0,0,1,1,0,0,0,-0.3080667272685918,0.0726691906595965,0.2791789776634758,0.5502154793857433,N
0,1,0,1,0,0,1,0,1,0,0,1,0,0,1,1,-0.3801498407907256,-0.23677091595278038,0.2791789776634758,0.1869975967766266,Y
0,1,0,1,1,0,0,0,1,0,1,0,0,1,0,0,0.15228224772503557,1.3461342447951476,0.2791789776634758,1.0129591659866237,Y
0,1,0,1,1,0,0,0,1,0,1,0,1,0,0,1,-0.4551818089569467,0.48922318033010387,0.2791789776634758,1.5830949572384105,Y
0,1,0,1,1,0,0,0,1,0,1,0,0,1,0,1,0.6028017072383719,0.9771864253726982,0.2791789776634758,-0.5544867436156191,Y
0,1,1,0,1,0,0,0,1,0,1,0,1,0,0,1,0.5482478963227571,1.9293098303338578,0.2791789776634758,0.8706817279777794,N
0,1,0,1,0,0,0,1,1,0,1,0,1,0,0,1,-0.4484649733787479,-0.6057187353752298,0.2791789776634758,0.1579264856450118,Y
1,0,0,1,1,0,0,0,0,1,1,0,1,0,0,0,0.015815807806995857,-0.4867033097550848,0.2791789776634758,-0.5544867436156191,N
1,0,0,1,1,0,0,0,1,0,1,0,0,1,0,1,-0.48827451107392633,-0.18916474570472241,0.2791789776634758,-0.3817701421866136,Y
1,0,1,0,1,0,0,0,1,0,1,0,0,0,1,1,-0.2605574024471854,-0.3557863415729254,-2.5156453530763225,-0.5544867436156191,Y
0,1,0,1,0,0,1,0,1,0,1,0,1,0,0,1,0.47993276373473476,0.22738924396578494,0.2791789776634758,0.5286686558411346,Y
0,1,0,1,0,1,0,0,1,0,1,0,0,0,1,1,-0.2504002364508847,-0.9389619271116356,0.2791789776634758,-0.5544867436156191,N
0,1,0,1,1,0,0,0,1,0,0,1,0,0,1,0,-0.3937473372051281,-0.5462110225651573,2.1423951981566747,0.015307034564030961,N
0,1,0,1,0,0,0,1,1,0,1,0,0,1,0,1,-0.03873800310861906,0.6439432336362922,0.2791789776634758,0.5286686558411346,Y
1,0,1,0,0,1,0,0,1,0,1,0,0,1,0,1,-0.11147641766277228,-0.7723403312434327,0.2791789776634758,-0.5544867436156191,N
0,1,0,1,0,0,1,0,1,0,1,0,0,1,0,1,-0.06609682119542894,1.072398765868814,0.2791789776634758,0.699675191909457,Y
0,1,0,1,1,0,0,0,1,0,1,0,0,0,1,1,-0.10705313569664134,-0.18916474570472241,0.2791789776634758,0.243429753679173,Y
0,1,0,1,1,0,0,0,1,0,1,0,0,0,1,0,-0.39161760885106506,-0.6057187353752298,-0.6524291325831236,0.4828389041748243,Y
0,1,1,0,1,0,0,0,0,1,1,0,1,0,0,1,0.23239279888940703,-0.05824777752256296,0.2791789776634758,-0.5544867436156191,Y
0,1,1,0,1,0,0,0,1,0,0,1,1,0,0,1,0.13311469253846817,-0.15346011801867893,0.2791789776634758,-0.5544867436156191,N
0,1,1,0,1,0,0,0,1,0,1,0,0,1,0,1,-0.4756599662075529,-0.5938171928132153,2.1423951981566747,-0.5544867436156191,N
0,1,1,0,1,0,0,0,1,0,1,0,1,0,0,0,-0.04578248920282759,-0.2605740010768094,0.2791789776634758,-0.5544867436156191,N
0,1,0,1,0,1,0,0,1,0,1,0,0,1,0,1,0.15097164566099677,0.3464046695859299,0.2791789776634758,-0.5544867436156191,Y
0,1,0,1,1,0,0,0,1,0,1,0,1,0,0,1,2.3470492292160055,5.047513981581655,0.2791789776634758,1.246554094255952,N
1,0,1,0,1,0,0,0,0,1,1,0,0,1,0,1,1.6964991296787477,-1.0817804378558096,0.2791789776634758,-0.5544867436156191,Y
0,1,0,1,0,0,1,0,1,0,1,0,0,1,0,1,-0.03578914846453177,0.10837381834563999,0.2791789776634758,-0.5544867436156191,Y
0,1,0,1,0,0,1,0,0,1,1,0,1,0,0,1,0.6421197691595358,2.7862208947989013,-0.6524291325831236,2.138182173316185,Y
0,1,1,0,0,1,0,0,1,0,1,0,0,0,1,0,-0.38359017120882744,-0.4152940543829978,-2.5156453530763225,0.12509323071989392,N
1,0,1,0,1,0,0,0,1,0,1,0,0,0,1,1,-0.4324100980942726,-0.4271955969450123,0.2791789776634758,-0.0554896713682545,Y
0,1,0,1,1,0,0,0,1,0,1,0,0,0,1,1,-0.09607684341031641,-0.30818017132486736,-2.5156453530763225,-0.23880867803349606,Y
0,1,0,1,0,0,0,1,1,0,1,0,1,0,0,1,0.5482478963227571,-0.18916474570472241,0.2791789776634758,1.154210564779058,Y
0,1,0,1,1,0,0,0,1,0,1,0,0,1,0,0,-0.17913624921877516,-0.18916474570472241,0.2791789776634758,-0.5544867436156191,Y
0,1,1,0,1,0,0,0,1,0,1,0,0,0,1,1,-0.3824433944027935,-0.8913557568635777,2.1423951981566747,-0.5544867436156191,N
0,1,0,1,0,0,1,0,1,0,1,0,0,0,1,1,-0.002041145315532749,-0.18916474570472241,0.2791789776634758,-0.5544867436156191,Y
0,1,0,1,1,0,0,0,1,0,1,0,0,1,0,1,-0.3391935262895132,-0.2129678308287514,0.2791789776634758,0.30054593672599267,Y
0,1,1,0,1,0,0,0,1,0,1,0,0,1,0,1,0.08806274658713453,1.7864913195896839,0.2791789776634758,0.8929125776666613,Y
1,0,1,0,1,0,0,0,1,0,1,0,0,0,1,1,0.09772843680942066,0.12027536090765448,0.2791789776634758,-0.5544867436156191,Y
0,1,1,0,1,0,0,0,0,1,1,0,0,0,1,1,0.2889125129010801,-0.2129678308287514,0.2791789776634758,-0.5544867436156191,Y
0,1,0,1,0,0,1,0,1,0,1,0,0,0,1,1,-0.13719698316953366,-0.5462110225651573,0.2791789776634758,-0.5544867436156191,N
0,1,1,0,0,1,0,0,1,0,1,0,0,0,1,1,-0.28447589011589347,-0.39149096925896887,-2.5156453530763225,-0.5544867436156191,Y
0,1,1,0,1,0,0,0,1,0,0,1,0,1,0,1,-0.5008890559402998,-0.16536166058069343,0.2791789776634758,-0.007265828196987591,Y
0,1,0,1,1,0,0,0,1,0,0,1,0,0,1,0,-0.39210908462507965,-0.23677091595278038,0.2791789776634758,0.5180662506048987,N
0,1,0,1,1,0,0,0,1,0,1,0,0,0,1,1,-0.5030187842943628,-0.11775549033263544,0.2791789776634758,0.2721588517386512,Y
0,1,0,1,1,0,0,0,1,0,1,0,1,0,0,1,0.01384990471093766,-0.2486724585147949,0.2791789776634758,-0.5544867436156191,Y
0,1,1,0,0,0,0,1,1,0,1,0,1,0,0,1,0.6165630289107793,0.46542009520607486,0.2791789776634758,-0.5544867436156191,Y
0,1,0,1,0,0,0,1,1,0,1,0,1,0,0,1,0.6717721408584136,1.5365589257873795,0.2791789776634758,-0.5544867436156191,Y
0,1,0,1,1,0,0,0,1,0,1,0,0,0,1,0,-0.4620624697931504,-0.30818017132486736,0.2791789776634758,0.16887090395338444,Y
0,1,0,1,0,0,1,0,1,0,0,1,0,1,0,1,-0.5587193720160116,-0.39149096925896887,-2.5156453530763225,0.0012844986064285268,Y
0,1,0,1,0,0,1,0,1,0,1,0,0,0,1,1,-0.3773648114046432,-0.39149096925896887,0.2791789776634758,-0.07566844262431653,Y
0,1,0,1,0,0,1,0,1,0,1,0,0,1,0,0,-0.34853156599578966,-0.12965703289464994,0.2791789776634758,-0.3889524167014831,Y
1,0,1,0,1,0,0,0,1,0,1,0,0,0,1,0,-0.3642587907642552,-0.8913557568635777,0.2791789776634758,-0.5544867436156191,N
0,1,0,1,1,0,0,0,1,0,1,0,0,0,1,1,-0.3883411036909681,-0.6057187353752298,0.2791789776634758,-0.0554896713682545,Y
0,1,1,0,1,0,0,0,1,0,0,1,1,0,0,1,-0.2459769544847538,-0.43909713950702683,0.2791789776634758,0.015307034564030961,Y
1,0,1,0,1,0,0,0,1,0,1,0,0,1,0,0,-0.6394852242124025,-0.5105063948791138,0.2791789776634758,0.061136786230341356,N
0,1,0,1,0,0,1,0,1,0,0,1,0,0,1,0,-0.4119319408436664,-1.2007958634759546,-2.5156453530763225,-0.5544867436156191,N
0,1,1,0,1,0,0,0,1,0,0,1,1,0,0,1,-0.4338845254163163,-0.9627650122356647,-0.6524291325831236,-0.5544867436156191,N
0,1,1,0,1,0,0,0,1,0,1,0,0,1,0,1,-0.4756599662075529,-0.5105063948791138,0.2791789776634758,6.285774699117275,Y
1,0,1,0,1,0,0,0,1,0,0,1,0,1,0,1,-0.5636341297561571,-1.1055835229798385,0.2791789776634758,-0.5544867436156191,Y
1,0,1,0,1,0,0,0,0,1,1,0,1,0,0,1,0.3338006335944089,0.5725339782642054,0.2791789776634758,-0.5544867436156191,N
1,0,1,0,1,0,0,0,1,0,1,0,0,1,0,1,-0.14030966307162582,-0.36768788413493986,0.2791789776634758,-0.5544867436156191,Y
0,1,0,1,1,0,0,0,1,0,0,1,0,0,1,1,-0.5302137771231679,-0.36768788413493986,0.2791789776634758,0.2663446295123282,Y
1,0,1,0,1,0,0,0,1,0,0,1,1,0,0,1,-0.5226778152549447,-0.9508634696736501,0.2791789776634758,-0.5544867436156191,Y
0,1,0,1,0,1,0,0,1,0,1,0,0,1,0,0,0.4745265302205747,0.0726691906595965,-0.6524291325831236,-0.5544867436156191,N
0,1,0,1,0,0,0,1,1,0,1,0,1,0,0,0,12.38462278717314,2.548190043558612,0.2791789776634758,-0.5544867436156191,N
1,0,1,0,0,1,0,0,0,1,0,1,0,1,0,1,-0.25171083851492354,-0.9984696399217081,0.2791789776634758,-0.5544867436156191,N
0,1,0,1,1,0,0,0,1,0,1,0,0,0,1,0,0.13966770285866215,0.16788153115571247,0.2791789776634758,-0.5544867436156191,Y
0,1,0,1,1,0,0,0,1,0,0,1,1,0,0,0,0.11345566157788621,0.8581709997525532,0.2791789776634758,-0.5544867436156191,N
0,1,0,1,1,0,0,0,1,0,0,1,1,0,0,1,-0.5161248049347508,-0.4271955969450123,0.2791789776634758,0.14082583203817958,Y
1,0,0,1,1,0,0,0,1,0,0,1,0,1,0,0,-0.5331626317672551,0.3821092972719734,0.2791789776634758,0.5526095708906998,N
1,0,1,0,1,0,0,0,1,0,1,0,0,0,1,1,-0.3945664634951524,-1.022272725045737,0.2791789776634758,-0.5544867436156191,Y
1,0,1,0,0,1,0,0,1,0,1,0,0,0,1,1,-0.45927744040706797,0.16788153115571247,0.2791789776634758,-0.5544867436156191,N
0,1,0,1,0,0,1,0,0,1,1,0,0,0,1,1,-0.6231026984119176,1.1081033935548577,0.2791789776634758,6.285774699117275,N
0,1,0,1,1,0,0,0,1,0,1,0,1,0,0,1,-0.717302221764706,-0.40339251182098335,0.2791789776634758,0.39391550541929665,Y
0,1,0,1,1,0,0,0,1,0,1,0,0,1,0,1,-0.35344632373593515,-0.09395240520860644,0.2791789776634758,-0.06985422039799358,Y
0,1,0,1,1,0,0,0,1,0,1,0,1,0,0,1,0.06971431769059137,-0.09395240520860644,0.2791789776634758,-0.5544867436156191,Y
1,0,1,0,1,0,0,0,1,0,0,1,0,0,1,0,-0.439618409446486,-0.7842418738054472,0.2791789776634758,-0.5544867436156191,N
0,1,0,1,1,0,0,0,1,0,1,0,0,0,1,1,-0.5870611416508507,-0.5462110225651573,0.2791789776634758,0.033433727387273134,Y
0,1,0,1,0,1,0,0,1,0,1,0,0,0,1,0,0.30251000931548266,-0.4271955969450123,0.2791789776634758,0.015649047636167604,N
0,1,0,1,1,0,0,0,1,0,1,0,0,1,0,1,1.5524967278924848,-0.5938171928132153,0.2791789776634758,-0.5544867436156191,Y
0,1,0,1,1,0,0,0,1,0,1,0,1,0,0,1,-0.4484649733787479,-0.2962786287628529,0.2791789776634758,0.9161694665719532,Y
1,0,1,0,0,1,0,0,1,0,0,1,1,0,0,1,-0.13064397284933968,-0.7723403312434327,0.2791789776634758,-0.5544867436156191,N
0,1,0,1,0,0,1,0,1,0,1,0,0,1,0,1,0.08707979503910543,-0.15346011801867893,0.2791789776634758,-0.5544867436156191,Y
0,1,0,1,1,0,0,0,1,0,1,0,1,0,0,1,-0.4068533578455161,-0.7009310758713457,0.2791789776634758,-0.5490145344614329,Y
0,1,1,0,1,0,0,0,1,0,0,1,0,0,1,1,-0.44010988522050054,-1.022272725045737,-2.5156453530763225,-0.5544867436156191,Y
1,0,1,0,0,1,0,0,0,1,1,0,0,1,0,1,0.527605913814146,0.04886610553556751,0.2791789776634758,-0.5544867436156191,Y
0,1,1,0,1,0,0,0,1,0,1,0,1,0,0,0,0.17964106581184544,-0.4867033097550848,0.2791789776634758,-0.5544867436156191,N
0,1,1,0,1,0,0,0,1,0,1,0,0,1,0,1,1.2241909108507665,3.0837594588492636,0.2791789776634758,-0.5544867436156191,Y
0,1,0,1,1,0,0,0,1,0,1,0,0,1,0,1,-0.48794686055791664,-0.03444469239853396,0.2791789776634758,0.2458238451841295,Y
0,1,1,0,1,0,0,0,1,0,1,0,0,0,1,1,-0.2708783937014909,-0.5462110225651573,0.2791789776634758,-0.5544867436156191,Y
1,0,0,1,1,0,0,0,1,0,1,0,0,1,0,1,0.7607292559550469,-0.15346011801867893,-1.5840372428297231,-0.5544867436156191,Y
0,1,1,0,1,0,0,0,1,0,1,0,0,1,0,1,-0.5696956643023365,-1.141288150665882,0.2791789776634758,0.07857945290931023,Y
0,1,0,1,1,0,0,0,1,0,1,0,0,0,1,1,-0.5226778152549447,-0.11775549033263544,0.2791789776634758,-0.16972203746189385,Y
0,1,1,0,1,0,0,0,0,1,1,0,0,0,1,0,0.8211807761588364,0.48922318033010387,0.2791789776634758,-0.5544867436156191,N
1,0,0,1,1,0,0,0,0,1,0,1,1,0,0,1,0.2848168814509589,-0.09395240520860644,0.2791789776634758,-0.5544867436156191,Y
0,1,1,0,1,0,0,0,1,0,1,0,0,1,0,1,-0.2856226669219274,0.48922318033010387,0.2791789776634758,1.1774674536843497,Y
0,1,0,1,1,0,0,0,1,0,1,0,1,0,0,1,0.4091602522766397,0.40591238239600236,0.2791789776634758,0.07242321761085063,Y
0,1,1,0,0,0,0,1,1,0,0,1,0,1,0,1,-0.11409762179084987,0.025063020411538513,0.2791789776634758,0.1271453091527138,Y
0,1,1,0,0,1,0,0,1,0,1,0,0,1,0,1,5.294101795465245,0.0726691906595965,0.2791789776634758,-0.5544867436156191,Y
0,1,0,1,1,0,0,0,1,0,1,0,1,0,0,0,0.31610750572988516,0.3464046695859299,-0.6524291325831236,2.2955081864990414,Y
0,1,0,1,0,1,0,0,0,1,1,0,1,0,0,1,-0.3174047669748682,-0.18916474570472241,0.2791789776634758,-0.14065092633027904,Y
0,1,0,1,0,0,1,0,1,0,0,1,1,0,0,1,-0.1231080109811166,-0.4271955969450123,0.2791789776634758,-0.5544867436156191,Y
0,1,0,1,1,0,0,0,1,0,1,0,1,0,0,1,-0.3054455231405142,-1.0817804378558096,0.2791789776634758,-0.08387675635559601,N
0,1,0,1,0,0,1,0,1,0,1,0,1,0,0,0,-0.3380467494834793,0.04886610553556751,0.2791789776634758,0.03035560973804333,N
0,1,1,0,0,1,0,0,0,1,0,1,0,1,0,0,-0.4315909718042484,0.5249278080161474,0.2791789776634758,-0.027102586380912987,N
0,1,0,1,0,0,1,0,1,0,0,1,1,0,0,0,-0.5069505904864792,-0.2486724585147949,0.2791789776634758,-0.12526033808413004,N
0,1,0,1,0,0,1,0,1,0,0,1,0,0,1,0,-0.5644532560461814,-1.022272725045737,-0.6524291325831236,-0.05651571058466443,Y
0,1,0,1,1,0,0,0,1,0,1,0,1,0,0,0,-0.2384409926165307,0.03696456297355301,0.2791789776634758,0.03822191039718616,N
0,1,0,1,1,0,0,0,1,0,1,0,1,0,0,0,-0.47844499559363535,-0.6652264481853023,-2.5156453530763225,0.28891749227334673,Y
0,1,1,0,1,0,0,0,0,1,1,0,0,1,0,1,0.27547884174468246,-0.7366357035573892,0.2791789776634758,-0.5544867436156191,Y
0,1,0,1,0,0,1,0,1,0,1,0,0,1,0,1,-0.2530214405789623,-0.5938171928132153,0.2791789776634758,-0.5544867436156191,Y
0,1,0,1,1,0,0,0,1,0,1,0,0,0,1,1,-0.1806106765408188,-0.33198325644889637,0.2791789776634758,-0.5544867436156191,Y
0,1,0,1,1,0,0,0,1,0,1,0,0,0,1,1,-0.2777590545376946,0.3226015844619009,0.2791789776634758,0.32414483870342115,N
0,1,1,0,0,0,1,0,1,0,1,0,1,0,0,1,-0.17192793786656177,-0.11775549033263544,0.2791789776634758,-0.5544867436156191,Y
0,1,0,1,1,0,0,0,1,0,1,0,0,1,0,1,0.4800965889927396,0.16788153115571247,0.2791789776634758,-0.5544867436156191,N
0,1,0,1,1,0,0,0,0,1,1,0,0,1,0,0,-0.5439750987955752,0.16788153115571247,0.2791789776634758,0.8419526299183012,Y
0,1,0,1,0,0,0,1,1,0,1,0,0,0,1,1,0.38278438573785895,-0.2129678308287514,-2.5156453530763225,-0.5544867436156191,Y
0,1,0,1,1,0,0,0,1,0,1,0,1,0,0,1,-0.39128995833505537,0.08457073322161099,0.2791789776634758,0.1938378582193595,Y
1,0,1,0,0,1,0,0,1,0,0,1,0,1,0,1,-0.03480619691650267,-0.16536166058069343,0.2791789776634758,-0.5544867436156191,Y
0,1,1,0,1,0,0,0,1,0,1,0,0,1,0,0,-0.2027270863714735,-0.5700141076891863,0.2791789776634758,-0.5544867436156191,N
0,1,1,0,1,0,0,0,1,0,1,0,1,0,0,1,0.09772843680942066,-0.07014932008457746,0.2791789776634758,-0.5544867436156191,Y
0,1,0,1,0,0,0,1,1,0,0,1,0,0,1,0,-0.4024300758793852,-0.9032572994255922,-2.5156453530763225,0.014623008419757671,N
0,1,0,1,1,0,0,0,1,0,1,0,0,1,0,1,1.8493480953972723,-0.4271955969450123,0.2791789776634758,-0.5544867436156191,Y
1,0,0,1,0,0,1,0,1,0,0,1,0,1,0,1,-0.8508198070386584,-0.5700141076891863,0.2791789776634758,0.4431653878069735,Y
0,1,0,1,1,0,0,0,1,0,1,0,0,0,1,1,-0.17536826828466362,-0.4271955969450123,0.2791789776634758,0.28378729619129706,N
0,1,0,1,0,1,0,0,0,1,1,0,0,1,0,1,-0.3200259711029458,0.19168461627974145,0.2791789776634758,0.15655843335646524,Y
0,1,0,1,0,1,0,0,1,0,0,1,1,0,0,0,-0.4505947017328109,-0.39149096925896887,-2.5156453530763225,-0.04146713541065206,N
0,1,0,1,0,0,0,1,1,0,1,0,0,1,0,1,-0.11671882591892746,-0.5462110225651573,0.2791789776634758,-0.5544867436156191,Y
1,0,1,0,1,0,0,0,0,1,1,0,0,0,1,0,-0.4756599662075529,-0.6295218204992588,0.2791789776634758,-0.5544867436156191,Y
0,1,1,0,0,0,1,0,1,0,1,0,1,0,0,1,0.021058216063151045,0.19168461627974145,0.2791789776634758,1.0351900156755056,Y
0,1,0,1,0,0,1,0,0,1,1,0,1,0,0,1,1.8219892773104625,0.04886610553556751,0.2791789776634758,-0.2076854884690614,Y
0,1,0,1,0,0,1,0,1,0,1,0,0,1,0,1,0.21240611741281537,1.0009895104967272,-0.6524291325831236,0.04403613262350912,Y
0,1,0,1,0,0,1,0,1,0,1,0,0,1,0,0,-0.414553144971744,-0.16536166058069343,0.2791789776634758,0.08576172742417977,N
0,1,0,1,0,1,0,0,0,1,1,0,0,1,0,1,1.845252463947151,-0.7128326184333602,0.2791789776634758,0.21504266869183147,Y
0,1,0,1,0,0,1,0,1,0,1,0,0,0,1,1,-0.4024300758793852,-0.11775549033263544,0.2791789776634758,-0.006239788980577657,N
1,0,1,0,1,0,0,0,1,0,0,1,1,0,0,1,-0.17258323889858118,0.0964722757836255,0.2791789776634758,-0.5544867436156191,Y
0,1,0,1,0,0,0,1,1,0,0,1,1,0,0,1,-0.3781839376946674,-0.39149096925896887,0.2791789776634758,-0.5544867436156191,Y
0,1,0,1,1,0,0,0,1,0,1,0,0,1,0,1,-0.5439750987955752,-0.2129678308287514,0.2791789776634758,0.5228544336148118,Y
0,1,0,1,1,0,0,0,1,0,1,0,0,1,0,1,0.8894959087468587,1.0485956807447852,0.2791789776634758,-0.5544867436156191,Y
0,1,0,1,0,0,1,0,1,0,1,0,0,1,0,1,0.47993276373473476,1.191414191488959,0.2791789776634758,-0.5544867436156191,Y
0,1,0,1,0,1,0,0,1,0,0,1,1,0,0,1,-0.5644532560461814,-0.1772632031427079,0.2791789776634758,0.2786571001092474,Y
0,1,1,0,0,0,1,0,1,0,1,0,1,0,0,0,-0.3041349210764754,-0.7842418738054472,0.2791789776634758,-0.5544867436156191,N
0,1,0,1,0,1,0,0,1,0,1,0,0,0,1,1,2.1181853437832308,4.214406002240641,0.2791789776634758,-0.5544867436156191,N
0,1,0,1,0,0,1,0,0,1,1,0,0,1,0,1,-0.13441195378345122,0.16788153115571247,0.2791789776634758,0.1579264856450118,Y
0,1,1,0,1,0,0,0,1,0,1,0,0,0,1,1,-0.4863086079778681,-0.8437495866155197,0.2791789776634758,-0.5544867436156191,N
0,1,1,0,1,0,0,0,1,0,0,1,0,1,0,0,-0.4430587398645879,-0.5938171928132153,0.2791789776634758,0.3980196622849364,Y
0,1,0,1,0,1,0,0,1,0,0,1,0,0,1,0,-0.011543010279814025,0.47732163776808934,0.2791789776634758,-0.16766995902907397,Y
0,1,1,0,1,0,0,0,1,0,0,1,1,0,0,1,-0.28054408392377705,-0.4271955969450123,0.2791789776634758,-0.5544867436156191,Y
1,0,1,0,1,0,0,0,0,1,0,1,0,1,0,1,1.9428923177180415,0.9414817976866547,0.2791789776634758,-0.5544867436156191,Y
0,1,0,1,1,0,0,0,1,0,1,0,1,0,0,0,-0.2959436581762329,-0.3200817138868819,0.2791789776634758,0.18323545298312352,N
1,0,0,1,0,1,0,0,1,0,1,0,0,1,0,1,-0.34034030309554714,-0.4867033097550848,-4.006218329470881,-0.24222880875486252,Y
0,1,0,1,1,0,0,0,1,0,0,1,1,0,0,1,-0.45927744040706797,-0.4629002246310558,0.2791789776634758,0.02693547901667688,Y
0,1,0,1,1,0,0,0,1,0,1,0,0,0,1,0,-0.12753129294724755,-0.4152940543829978,-5.1241480617668005,0.42264460347877486,Y
0,1,0,1,0,1,0,0,0,1,1,0,0,1,0,1,-0.41094898929563733,-0.6057187353752298,0.2791789776634758,-0.5544867436156191,Y
0,1,1,0,1,0,0,0,1,0,1,0,1,0,0,0,0.1440909848247931,0.7510571166944228,0.2791789776634758,0.955842982939804,N
1,0,1,0,1,0,0,0,1,0,1,0,1,0,0,1,-0.7795558198065489,-0.39149096925896887,2.1423951981566747,0.7051474010636434,Y
1,0,1,0,1,0,0,0,1,0,1,0,0,1,0,1,-0.36769912118235704,-0.5462110225651573,0.2791789776634758,-0.5544867436156191,Y
0,1,0,1,0,0,1,0,1,0,1,0,0,1,0,1,-0.08821323102608364,0.7391555741324083,0.2791789776634758,1.3689947740808708,Y
0,1,0,1,0,1,0,0,1,0,0,1,1,0,0,0,-0.22173081630003605,-0.09395240520860644,0.2791789776634758,1.2588665648528712,N
0,1,0,1,1,0,0,0,1,0,0,1,0,1,0,1,-0.26039357718918055,-0.2605740010768094,-0.6524291325831236,-0.047281357636975024,Y
0,1,0,1,0,0,1,0,1,0,1,0,1,0,0,1,-0.31019645562265485,1.1557095638029156,0.2791789776634758,0.955842982939804,Y
0,1,0,1,1,0,0,0,1,0,1,0,0,0,1,0,2.5277484887953547,3.976375151000351,0.2791789776634758,1.7257144083193914,Y
0,1,1,0,1,0,0,0,1,0,1,0,0,0,1,1,-0.2982372117883008,-0.5938171928132153,0.2791789776634758,-0.5544867436156191,N
0,1,0,1,1,0,0,0,0,1,1,0,0,0,1,1,-0.4791002966256548,0.5011247228921184,0.2791789776634758,0.4759986427320914,Y
1,0,1,0,0,1,0,0,1,0,1,0,0,0,1,1,1.2874274604406384,-1.260303576286027,0.2791789776634758,-0.5544867436156191,Y
0,1,1,0,1,0,0,0,1,0,0,1,1,0,0,1,-0.29577983291822807,-0.5462110225651573,0.2791789776634758,-0.11431591977575739,N
0,1,0,1,0,1,0,0,1,0,1,0,0,1,0,1,0.10837707857973587,1.239020361737017,0.2791789776634758,0.1309074529462169,Y
0,1,0,1,0,0,1,0,1,0,1,0,0,0,1,1,-0.3473847891897557,0.025063020411538513,0.2791789776634758,0.14150985818245287,Y
0,1,0,1,1,0,0,0,1,0,1,0,0,1,0,1,-0.5362753116693473,-0.9032572994255922,-2.5156453530763225,1.7253723952472548,N
0,1,1,0,1,0,0,0,1,0,1,0,1,0,0,1,0.06742076407852347,1.9650144580199014,0.2791789776634758,0.6993331788373204,N
0,1,0,1,0,0,0,1,1,0,1,0,1,0,0,1,-0.3174047669748682,0.04886610553556751,0.2791789776634758,0.617934067668799,Y
1,0,0,1,0,0,1,0,1,0,1,0,0,1,0,1,-0.5524940122118274,-0.39149096925896887,2.1423951981566747,0.00367859011138504,Y
0,1,0,1,1,0,0,0,1,0,0,1,0,1,0,0,-0.3816242681127693,-0.27247554363882387,0.2791789776634758,0.061136786230341356,N
0,1,1,0,1,0,0,0,1,0,1,0,0,1,0,1,-0.11802942798296626,0.46542009520607486,0.2791789776634758,0.1004682895260555,N
1,0,1,0,1,0,0,0,1,0,0,1,1,0,0,1,-0.3282172340031883,-0.6057187353752298,0.2791789776634758,-0.5544867436156191,N
0,1,0,1,0,0,1,0,1,0,0,1,0,1,0,1,-0.5261181456730466,-1.2007958634759546,0.2791789776634758,0.04130002804641596,Y
0,1,1,0,1,0,0,0,1,0,1,0,0,1,0,1,-0.4756599662075529,-1.0817804378558096,0.2791789776634758,-0.5544867436156191,Y
0,1,0,1,0,0,0,1,0,1,1,0,1,0,0,1,0.044812878473854234,-0.5462110225651573,0.2791789776634758,-0.06746012889303707,Y
0,1,0,1,0,0,1,0,0,1,1,0,1,0,0,1,0.41686003940286764,3.976375151000351,0.2791789776634758,1.8963789313155772,Y
0,1,1,0,1,0,0,0,1,0,1,0,0,1,0,1,-0.11852090375698081,-0.11775549033263544,0.2791789776634758,0.15929453793355838,N
0,1,0,1,0,0,1,0,0,1,1,0,1,0,0,1,1.9817189038651908,3.0242517460391913,0.2791789776634758,-0.5544867436156191,Y
0,1,0,1,1,0,0,0,1,0,1,0,0,1,0,1,-0.2667827622513697,-0.4271955969450123,0.2791789776634758,-0.5544867436156191,Y
0,1,0,1,0,1,0,0,1,0,0,1,0,1,0,0,-0.019406622664046805,0.17978307371772695,0.2791789776634758,-0.06540805046021719,Y
0,1,1,0,0,1,0,0,1,0,0,1,0,1,0,1,-0.44633524502468486,-0.6176202779372443,0.2791789776634758,-0.10918572369370771,Y
0,1,1,0,1,0,0,0,1,0,0,1,0,1,0,1,0.2260036138272179,-0.18916474570472241,0.2791789776634758,-0.5544867436156191,Y
0,1,0,1,1,0,0,0,1,0,1,0,1,0,0,0,-0.717302221764706,0.8343679146285242,0.2791789776634758,1.326585153135927,Y
0,1,0,1,0,0,0,1,1,0,1,0,0,0,1,1,-0.1838871817009158,-0.5462110225651573,0.2791789776634758,-0.5544867436156191,Y
0,1,1,0,0,0,1,0,1,0,1,0,1,0,0,0,-0.2974180854982766,-0.4271955969450123,0.2791789776634758,-0.5544867436156191,N
0,1,1,0,0,1,0,0,1,0,1,0,0,1,0,0,0.957811041334881,0.5963370633882343,0.2791789776634758,-0.5544867436156191,N
1,0,1,0,1,0,0,0,0,1,0,1,0,0,1,1,2.0906627004384157,-0.2486724585147949,0.2791789776634758,-0.5544867436156191,Y
0,1,1,0,1,0,0,0,1,0,0,1,1,0,0,1,-0.46746870330731044,-0.23677091595278038,0.2791789776634758,0.14390394968740938,Y
0,1,0,1,1,0,0,0,1,0,1,0,0,0,1,1,0.11951719612406565,2.1197345113260897,0.2791789776634758,0.7814163161501152,Y
0,1,1,0,0,0,1,0,1,0,1,0,0,1,0,1,-0.29266715301613594,-0.4629002246310558,0.2791789776634758,-0.5544867436156191,Y
0,1,0,1,1,0,0,0,1,0,0,1,1,0,0,1,-0.40734483361953067,-0.9508634696736501,0.2791789776634758,-0.3711677369503776,N
0,1,0,1,0,0,0,1,1,0,1,0,1,0,0,1,0.16604356939744294,0.13217690346966898,-2.5156453530763225,-0.5544867436156191,Y
1,0,0,1,0,1,0,0,1,0,1,0,0,1,0,1,-0.13031632233333,-0.07014932008457746,-2.5156453530763225,0.4185404466131351,Y
1,0,1,0,1,0,0,0,1,0,1,0,0,1,0,0,-0.5349647096053085,-0.5581125651271718,0.2791789776634758,-0.5544867436156191,N
1,0,1,0,0,1,0,0,1,0,1,0,0,1,0,1,-0.2869332689859662,-0.6057187353752298,0.2791789776634758,-0.5544867436156191,Y
0,1,0,1,0,1,0,0,1,0,0,1,0,0,1,1,-0.5184183585468186,-0.2129678308287514,0.2791789776634758,0.3087542504572721,Y
1,0,0,1,1,0,0,0,1,0,0,1,0,1,0,0,-0.3909623078190457,-0.5224079374411283,0.2791789776634758,-0.3277320767890237,Y
0,1,0,1,1,0,0,0,1,0,1,0,1,0,0,1,-0.4317547970622532,0.10837381834563999,0.2791789776634758,0.11243874705083806,Y
0,1,1,0,1,0,0,0,1,0,0,1,0,1,0,1,-0.33509789483939195,-0.7842418738054472,-4.751504817668161,-0.5544867436156191,N
0,1,1,0,1,0,0,0,1,0,1,0,1,0,0,1,-0.47140050949942686,-0.010641607274504973,0.2791789776634758,0.055322564004018394,Y
1,0,1,0,1,0,0,0,1,0,1,0,0,1,0,0,-0.06609682119542894,-0.5105063948791138,0.2791789776634758,-0.5544867436156191,N
0,1,0,1,1,0,0,0,1,0,1,0,1,0,0,1,-0.4289697676761708,-0.4271955969450123,0.2791789776634758,0.13501160981185661,Y
0,1,0,1,0,0,1,0,0,1,1,0,1,0,0,0,0.20142982512649044,-0.23677091595278038,0.2791789776634758,-0.5544867436156191,N
0,1,0,1,0,1,0,0,1,0,0,1,1,0,0,1,-0.47697056827159173,-0.11775549033263544,0.2791789776634758,0.25779430270891207,Y
0,1,0,1,0,1,0,0,1,0,1,0,0,0,1,1,-0.3391935262895132,0.14407844603168346,0.2791789776634758,0.5570557408284762,Y
0,1,0,1,1,0,0,0,1,0,0,1,0,0,1,0,-0.483195928075776,0.4178139249580169,0.2791789776634758,0.243429753679173,N
0,1,0,1,1,0,0,0,1,0,1,0,1,0,0,0,-0.2965989592082523,-0.16536166058069343,-2.5156453530763225,0.9045410221193072,N
0,1,0,1,0,1,0,0,1,0,1,0,0,1,0,1,0.010573399550840669,-1.42692517215423,0.2791789776634758,-0.2015292531706018,Y
1,0,1,0,1,0,0,0,1,0,1,0,0,0,1,0,-0.44830114812074306,-0.7366357035573892,0.2791789776634758,0.0012844986064285268,Y
0,1,0,1,0,0,0,1,0,1,1,0,0,1,0,1,0.7758011796914931,1.358035787357162,0.2791789776634758,-0.5544867436156191,Y
0,1,0,1,1,0,0,0,1,0,1,0,0,1,0,1,-0.24843433335482654,0.19168461627974145,0.2791789776634758,0.35834614591708563,Y
1,0,0,1,1,0,0,0,1,0,1,0,0,1,0,1,-0.20043353275940562,0.42971546752003137,0.2791789776634758,0.2341954007314836,Y
0,1,0,1,0,0,1,0,1,0,0,1,0,1,0,1,-0.28316528805185465,-0.4509986820690413,0.2791789776634758,-0.47171958015855114,Y
1,0,0,1,0,1,0,0,0,1,1,0,0,1,0,1,2.306748215746812,5.40456025844209,0.2791789776634758,-0.5544867436156191,Y
0,1,0,1,1,0,0,0,1,0,1,0,1,0,0,1,0.08511389194304723,0.7748602018184517,0.2791789776634758,0.1480081065530491,Y
0,1,1,0,1,0,0,0,0,1,0,1,0,1,0,1,0.06496338520845074,-0.16536166058069343,0.2791789776634758,-0.5544867436156191,Y
0,1,0,1,0,0,1,0,1,0,1,0,0,0,1,0,0.5562753339649946,1.334232702233133,0.2791789776634758,-0.5544867436156191,N
0,1,0,1,1,0,0,0,1,0,0,1,1,0,0,0,-0.15341568371201378,-0.30818017132486736,0.2791789776634758,-0.5544867436156191,Y
0,1,1,0,1,0,0,0,1,0,1,0,0,0,1,1,-0.3391935262895132,-0.9032572994255922,0.2791789776634758,-0.5544867436156191,Y
0,1,0,1,0,0,0,1,1,0,1,0,1,0,0,0,-0.3282172340031883,-0.27247554363882387,0.2791789776634758,0.30054593672599267,N
1,0,1,0,1,0,0,0,1,0,1,0,0,0,1,1,-0.49564664768414457,-1.6292513957084764,0.2791789776634758,-0.5544867436156191,N
0,1,0,1,1,0,0,0,1,0,1,0,0,0,1,0,-0.3665523443763231,-0.4986048523170993,0.2791789776634758,0.15142823727441557,N
0,1,0,1,0,1,0,0,1,0,1,0,0,0,1,1,-0.32543220461710587,0.47732163776808934,0.2791789776634758,0.04403613262350912,Y
0,1,0,1,1,0,0,0,1,0,1,0,0,0,1,0,-0.04709309126686639,0.22738924396578494,0.2791789776634758,-0.058225775945347655,N
0,1,0,1,0,0,1,0,1,0,1,0,0,0,1,1,1.8450886386891463,1.5365589257873795,0.2791789776634758,-0.5544867436156191,Y
0,1,0,1,0,0,1,0,1,0,0,1,0,1,0,1,0.11820659406002686,0.48922318033010387,2.1423951981566747,0.0012844986064285268,N
0,1,0,1,0,0,0,1,1,0,1,0,0,1,0,1,0.16424149155938958,0.04886610553556751,0.2791789776634758,-0.5544867436156191,N
0,1,0,1,0,0,1,0,1,0,1,0,0,0,1,1,-0.36769912118235704,-0.4509986820690413,-4.006218329470881,-0.39681871736062596,Y
0,1,0,1,1,0,0,0,1,0,1,0,0,1,0,0,-0.37949453975870623,-0.11775549033263544,0.2791789776634758,0.2013621458063657,N
0,1,1,0,1,0,0,0,1,0,1,0,0,0,1,1,-0.3562313531220176,-0.4271955969450123,0.2791789776634758,0.38228706096665077,Y
0,1,0,1,0,1,0,0,1,0,1,0,1,0,0,1,-0.5932865014550349,-0.4629002246310558,0.2791789776634758,0.20888643339337187,Y
0,1,1,0,1,0,0,0,1,0,1,0,0,0,1,1,-0.3639311402482455,0.17978307371772695,0.2791789776634758,0.4431653878069735,Y
0,1,0,1,0,0,1,0,1,0,1,0,0,1,0,1,0.18619407613203942,0.7034509464463647,0.2791789776634758,-0.5544867436156191,Y
0,1,1,0,1,0,0,0,1,0,1,0,0,0,1,1,-0.584439937522773,-0.6652264481853023,0.2791789776634758,11.018209578272028,N
1,0,0,1,1,0,0,0,1,0,1,0,0,1,0,1,-0.3665523443763231,-1.307909746534085,0.2791789776634758,-0.5544867436156191,Y
0,1,0,1,0,1,0,0,1,0,1,0,1,0,0,0,-0.5772316261705597,-1.0103711824837227,0.2791789776634758,-0.5544867436156191,N
0,1,0,1,0,1,0,0,1,0,1,0,1,0,0,0,-0.4286421171601611,0.0012599352875095225,0.2791789776634758,0.10115231567032879,N
0,1,0,1,0,1,0,0,1,0,1,0,1,0,0,1,-0.1835595311849061,0.3107000418998864,-4.006218329470881,0.471552472794315,N
0,1,0,1,1,0,0,0,1,0,1,0,0,0,1,1,-0.5089164935825374,-0.4986048523170993,0.2791789776634758,-0.03394284782364588,Y
1,0,1,0,1,0,0,0,1,0,0,1,0,1,0,1,-0.5305414276391776,-0.9032572994255922,0.2791789776634758,-0.5544867436156191,Y
0,1,1,0,1,0,0,0,1,0,1,0,0,1,0,1,-0.10705313569664134,-0.6176202779372443,0.2791789776634758,-0.5544867436156191,Y
0,1,0,1,0,0,1,0,0,1,1,0,0,1,0,0,-0.4386354578984569,-0.4748017671930703,0.2791789776634758,-0.5544867436156191,N
0,1,0,1,1,0,0,0,1,0,1,0,0,1,0,1,-0.3937473372051281,-1.0698788952937952,-2.5156453530763225,0.6138299108031592,Y
0,1,0,1,0,0,1,0,0,1,1,0,0,1,0,1,0.09772843680942066,0.7034509464463647,-1.5840372428297231,-0.5544867436156191,N
0,1,1,0,0,0,0,1,0,1,1,0,0,1,0,1,0.6476898279317007,1.738885149341626,0.2791789776634758,-0.5544867436156191,Y
0,1,0,1,1,0,0,0,1,0,1,0,1,0,0,1,-0.2530214405789623,-0.04634623496054846,-2.5156453530763225,0.5741563944353084,Y
0,1,0,1,1,0,0,0,0,1,1,0,0,0,1,1,1.7556400478184984,1.358035787357162,0.2791789776634758,-0.5544867436156191,Y
0,1,1,0,1,0,0,0,1,0,0,1,1,0,0,1,-0.2572808972870884,-0.4271955969450123,0.2791789776634758,-0.5544867436156191,Y
0,1,0,1,0,0,1,0,0,1,0,1,1,0,0,1,0.16047351062527804,0.48922318033010387,0.2791789776634758,-0.21247367147897442,N
0,1,1,0,1,0,0,0,1,0,1,0,0,1,0,0,-0.39587706555919117,-0.6890295333093313,0.2791789776634758,-0.5544867436156191,N
0,1,0,1,1,0,0,0,0,1,1,0,1,0,0,1,0.7469679342826396,0.40591238239600236,0.2791789776634758,-0.5544867436156191,Y
0,1,0,1,0,0,1,0,1,0,1,0,0,0,1,1,0.061686880048353744,0.5487308931401763,0.2791789776634758,-0.5544867436156191,Y
1,0,1,0,0,0,0,1,1,0,1,0,0,0,1,1,-0.8170718038896595,2.429174617938467,-2.5156453530763225,13.696171933101956,N
0,1,0,1,1,0,0,0,1,0,0,1,1,0,0,1,-0.4111128145536422,0.10837381834563999,0.2791789776634758,0.4004137537898929,Y
0,1,0,1,0,0,0,1,1,0,1,0,0,0,1,1,0.04907233518198032,-0.2129678308287514,0.2791789776634758,-0.5544867436156191,Y
0,1,1,0,1,0,0,0,1,0,1,0,1,0,0,1,-0.2830014627938498,0.3107000418998864,0.2791789776634758,0.9165114796440899,Y
1,0,0,1,0,1,0,0,1,0,1,0,0,1,0,1,1.0806799848385182,4.1667998319925825,0.2791789776634758,-0.5544867436156191,Y
0,1,0,1,1,0,0,0,1,0,0,1,0,0,1,1,-0.4920424920080379,-0.39149096925896887,-2.5156453530763225,0.7451629305036308,N
0,1,0,1,0,1,0,0,1,0,1,0,0,1,0,1,-0.3282172340031883,0.3226015844619009,0.2791789776634758,0.30054593672599267,Y
0,1,0,1,0,0,1,0,1,0,0,1,1,0,0,1,-0.23205180755434157,0.13217690346966898,0.2791789776634758,-0.07190629883081344,Y
0,1,0,1,1,0,0,0,1,0,1,0,1,0,0,1,-0.355739877348003,-0.4509986820690413,0.2791789776634758,0.11243874705083806,Y
1,0,1,0,1,0,0,0,1,0,1,0,1,0,0,1,-0.4101298630056131,-0.8913557568635777,0.2791789776634758,-0.5544867436156191,Y
0,1,0,1,0,0,0,1,1,0,1,0,1,0,0,1,-0.21255660185176448,-1.260303576286027,-2.5156453530763225,-0.5544867436156191,Y
0,1,0,1,0,1,0,0,1,0,1,0,0,0,1,1,0.437174371395469,1.2747249894230606,0.2791789776634758,-0.4724036063028244,Y
0,1,0,1,0,0,1,0,1,0,1,0,0,0,1,1,0.35706382023109756,0.48922318033010387,0.2791789776634758,-0.5544867436156191,Y
1,0,1,0,1,0,0,0,0,1,1,0,0,1,0,0,-0.13441195378345122,-0.15346011801867893,0.2791789776634758,-0.5544867436156191,N
